name	taxonomy_id	taxonomy_lvl	kraken_assigned_reads	added_reads	new_est_reads	fraction_total_reads
Thauera sp. K11	2005884	S	542580	654995	1197575	0.07513
Thauera sp. WB-2	2897772	S	179253	231575	410828	0.02577
Thauera sp. GDN1	2944810	S	19125	38436	57561	0.00361
Thauera sp. JM12B12	3142262	S	14708	11546	26254	0.00165
Thauera sp. E7	504000	S	4091	48282	52373	0.00329
Thauera sp. B4	503999	S	934	24549	25483	0.00160
Thauera aminoaromatica	164330	S	590207	1495186	2085393	0.13083
Thauera humireducens	1134435	S	94042	115087	209129	0.01312
Thauera chlorobenzoica	96773	S	17133	44186	61319	0.00385
Thauera aromatica	59405	S	9777	30328	40105	0.00252
Thauera butanivorans	86174	S	2160	2588	4748	0.00030
Thauera selenatis	33058	S	18	142	160	0.00001
Thauera linaloolentis	76112	S	9	187	196	0.00001
Azoarcus sp. DD4	2027405	S	6742	11125	17867	0.00112
Azoarcus sp. CIB	198107	S	195	1684	1879	0.00012
Azoarcus sp. DN11	356837	S	120	889	1009	0.00006
Azoarcus sp. KH32C	748247	S	29	5	34	0.00000
Azoarcus olearius	418699	S	7973	3433	11406	0.00072
Zoogloea oryzae	310767	S	16376	3069	19445	0.00122
Zoogloea ramigera	350	S	55	6450	6505	0.00041
Zoogloea resiniphila	40561	S	15	44	59	0.00000
Zoogloea sp. AR30	1119036	S	14	256	270	0.00002
Zoogloea caeni	374858	S	6	199	205	0.00001
Pseudazoarcus pumilus	2067960	S	9075	1862	10937	0.00069
Parazoarcus communis	41977	S	3430	2716	6146	0.00039
Pseudothauera hydrothermalis	2184083	S	409	35209	35618	0.00223
Zoogloeaceae bacteirum Par-f-2	2080469	S	135	10278	10413	0.00065
Nitrogeniibacter mangrovi	2016596	S	24	22	46	0.00000
Dechloromonas denitrificans	281362	S	21347	48625	69972	0.00439
Dechloromonas sp. TW-R-39-2	2654218	S	8430	34486	42916	0.00269
Dechloromonas sp. A34	447588	S	2142	4572	6714	0.00042
Dechloromonas sp. HZ	188737	S	1721	46156	47877	0.00300
Dechloromonas sp.	1917218	S	1460	1801	3261	0.00020
Dechloromonas sp. ZY10	2664436	S	59	38	97	0.00001
Dechloromonas sp. SIUL	332932	S	39	447	486	0.00003
Dechloromonas sp. HYN0024	2231055	S	26	107	133	0.00001
Dechloromonas agitata	73030	S	3	516	519	0.00003
Ferribacterium limneticum	76259	S	38091	115149	153240	0.00961
Quatrionicoccus australiensis	138118	S	1824	9801	11625	0.00073
Azonexus hydrophilus	418702	S	431	1626	2057	0.00013
Aromatoleum aromaticum	551760	S	32442	13147	45589	0.00286
Aromatoleum evansii	59406	S	17410	8603	26013	0.00163
Aromatoleum bremense	76115	S	2021	1143	3164	0.00020
Aromatoleum petrolei	76116	S	32	19	51	0.00000
Azospira sp. I09	1765049	S	2686	6730	9416	0.00059
Azospira oryzae	146939	S	1064	1292	2356	0.00015
Azospira restricta	404405	S	243	175	418	0.00003
Azospira inquinata	2785627	S	41	3	44	0.00000
uncultured Rhodocyclaceae bacterium	151985	S	2866	11142	14008	0.00088
Rhodocyclaceae bacterium	1898103	S	123	14791	14914	0.00094
Oryzomicrobium terrae	1735038	S	75	11	86	0.00001
Niveibacterium microcysteis	2811415	S	3	7	10	0.00000
Propionivibrio limicola	167645	S	1	42	43	0.00000
Fluviibacter phosphoraccumulans	1751046	S	5	0	5	0.00000
Delftia acidovorans	80866	S	273784	881968	1155752	0.07251
Delftia lacustris	558537	S	42594	779536	822130	0.05158
Delftia tsuruhatensis	180282	S	31824	350077	381901	0.02396
Delftia sp. HK171	1920191	S	335	1572	1907	0.00012
Delftia sp. Cs1-4	742013	S	164	676	840	0.00005
Delftia sp. UGAL515B_04	2986766	S	61	7312	7373	0.00046
Delftia sp. DS1230	3153805	S	56	545	601	0.00004
Delftia sp. WY8	2708352	S	15	3183	3198	0.00020
Hydrogenophaga taeniospiralis	65656	S	5066	973	6039	0.00038
Hydrogenophaga sp. PBL-H3	434010	S	31	20	51	0.00000
Hydrogenophaga sp. YM1	2806262	S	4	3	7	0.00000
Hydrogenophaga crassostreae	1763535	S	6	0	6	0.00000
Hydrogenophaga crocea	2716225	S	1	0	1	0.00000
Polaromonas naphthalenivorans	216465	S	3046	714	3760	0.00024
Polaromonas sp. P1(28)-13	2895561	S	47	1	48	0.00000
Polaromonas sp. P1-6	2895564	S	11	0	11	0.00000
Polaromonas sp. JS666	296591	S	5	0	5	0.00000
Comamonas aquatica	225991	S	2004	3147	5151	0.00032
Comamonas kerstersii	225992	S	284	138	422	0.00003
Comamonas testosteroni	285	S	152	229	381	0.00002
Comamonas koreensis	160825	S	128	186	314	0.00002
Comamonas resistens	3046670	S	68	111	179	0.00001
Comamonas thiooxydans	363952	S	19	21	40	0.00000
Comamonas piscis	1562974	S	13	0	13	0.00000
Comamonas flocculans	2597701	S	13	3	16	0.00000
Comamonas sp. GB3 AK4-5	3231487	S	4	0	4	0.00000
Diaphorobacter sp. LI3	2952886	S	675	4853	5528	0.00035
Diaphorobacter sp. JS3051	2792224	S	618	11239	11857	0.00074
Diaphorobacter sp. HDW4A	2714924	S	286	270	556	0.00003
Diaphorobacter sp. JS3050	2735554	S	239	2773	3012	0.00019
[Acidovorax] ebreus	721785	S	361	2777	3138	0.00020
Diaphorobacter nitroreducens	164759	S	11	23	34	0.00000
Ottowia testudinis	2816950	S	1321	74	1395	0.00009
Ottowia sp. oral taxon 894	1658672	S	203	25	228	0.00001
Melaminivora jejuensis	1267217	S	1178	422	1600	0.00010
Melaminivora suipulveris	2109913	S	28	22	50	0.00000
Acidovorax temperans	80878	S	336	743	1079	0.00007
Acidovorax sp. HDW3	2714923	S	125	128	253	0.00002
Acidovorax sp. SDU_ACID1	3136632	S	75	10	85	0.00001
Acidovorax sp. GBBC 1281	2940492	S	58	33	91	0.00001
Acidovorax sp. FHTAMBA	3140252	S	34	58	92	0.00001
Acidovorax sp. T1	1858609	S	17	125	142	0.00001
Acidovorax sp. JS42	232721	S	5	121	126	0.00001
Acidovorax sp. KKS102	358220	S	1	2	3	0.00000
Acidovorax radicis	758826	S	34	18	52	0.00000
Acidovorax carolinensis	553814	S	5	12	17	0.00000
Pulveribacter suum	2116657	S	1041	155	1196	0.00008
Variovorax paradoxus	34073	S	262	106	368	0.00002
Curvibacter sp. AEP1-3	1844971	S	262	38	300	0.00002
Simplicispira suum	2109915	S	181	21	202	0.00001
Paracidovorax avenae	80867	S	130	89	219	0.00001
Paracidovorax cattleyae	80868	S	24	3	27	0.00000
Paracidovorax citrulli	80869	S	8	2	10	0.00000
Alicycliphilus denitrificans	179636	S	89	872	961	0.00006
Comamonadaceae bacterium AAW	2986973	S	51	100	151	0.00001
uncultured Rhodoferax sp.	223188	S	23	14	37	0.00000
Rhodoferax antarcticus	81479	S	1	0	1	0.00000
Serpentinimonas maccroryi	1458426	S	20	2	22	0.00000
Serpentinimonas raichei	1458425	S	1	0	1	0.00000
Brachymonas sp. G13	3130163	S	2	0	2	0.00000
Ramlibacter terrae	2732511	S	1	0	1	0.00000
Candidatus Symbiobacter mobilis	1436290	S	1	0	1	0.00000
Bordetella genomosp. 13	463040	S	3447	5209	8656	0.00054
Bordetella hinzii	103855	S	385	443	828	0.00005
Bordetella trematum	123899	S	226	180	406	0.00003
Bordetella petrii	94624	S	130	444	574	0.00004
Bordetella bronchialis	463025	S	7	0	7	0.00000
Bordetella bronchiseptica	518	S	2	19	21	0.00000
Achromobacter xylosoxidans	85698	S	1115	1598	2713	0.00017
Achromobacter denitrificans	32002	S	1075	925	2000	0.00013
Achromobacter insolitus	217204	S	96	31	127	0.00001
Achromobacter sp. MFA1 R4	1881016	S	4	61	65	0.00000
Achromobacter mucicolens	1389922	S	7	8	15	0.00000
Achromobacter deleyi	1353891	S	3	1	4	0.00000
Orrella marina	2163011	S	2032	885	2917	0.00018
Alcaligenes faecalis	511	S	1049	1751	2800	0.00018
Alcaligenes aquatilis	323284	S	191	394	585	0.00004
Alcaligenes sp. NBRC 14130	478440	S	130	44237	44367	0.00278
Alcaligenes sp. WGS1538	3366811	S	35	9	44	0.00000
Alcaligenes nematophilus	2994643	S	118	668	786	0.00005
Alcaligenes ammonioxydans	2582914	S	26	15	41	0.00000
Neopusillimonas aromaticivorans	2979868	S	612	1074	1686	0.00011
Neopusillimonas maritima	2026239	S	4	30	34	0.00000
Advenella alkanexedens	1481665	S	49	30	79	0.00000
Castellaniella defragrans	75697	S	21	66	87	0.00001
Castellaniella ginsengisoli	546114	S	1	0	1	0.00000
Pollutimonas sp. M17	2962065	S	4	0	4	0.00000
Oligella ureolytica	90244	S	2	1	3	0.00000
Cupriavidus nantongensis	1796606	S	1306	1683	2989	0.00019
Cupriavidus pauculus	82633	S	389	162	551	0.00003
Cupriavidus basilensis	68895	S	217	201	418	0.00003
Cupriavidus sp. USMAA2-4	876364	S	12	53	65	0.00000
Cupriavidus necator	106590	S	3	0	3	0.00000
Cupriavidus gilardii	82541	S	2	3	5	0.00000
Ralstonia insidiosa	190721	S	1295	1828	3123	0.00020
Ralstonia mannitolilytica	105219	S	106	78	184	0.00001
Ralstonia pseudosolanacearum	1310165	S	31	24	55	0.00000
Burkholderia vietnamiensis	60552	S	599	1307	1906	0.00012
Burkholderia cepacia	292	S	8	1	9	0.00000
Burkholderia sp. S-53	2906514	S	9	2	11	0.00000
Burkholderia sp. C3	318426	S	6	115	121	0.00001
Burkholderia pseudomallei	28450	S	4	1	5	0.00000
Burkholderia thailandensis	57975	S	2	0	2	0.00000
Burkholderia gladioli	28095	S	1	0	1	0.00000
Burkholderiaceae bacterium	2030806	S	326	243	569	0.00004
Pandoraea sp. NE5	2904129	S	198	42	240	0.00002
Pandoraea thiooxydans	445709	S	21	0	21	0.00000
Robbsia sp. KACC 23696	3149231	S	7	0	7	0.00000
Paraburkholderia graminis	60548	S	2	2	4	0.00000
Massilia oculi	945844	S	96	278	374	0.00002
Massilia sp. W12	3126507	S	6	1	7	0.00000
Janthinobacterium agaricidamnosum	55508	S	78	45	123	0.00001
Janthinobacterium sp. 17J80-10	2497863	S	3	1	4	0.00000
Undibacterium sp. CCC3.4	3048609	S	24	44	68	0.00000
Ideonella dechloratans	36863	S	301	85	386	0.00002
Methylibium petroleiphilum	105560	S	164	103	267	0.00002
Rubrivivax gelatinosus	28068	S	10	0	10	0.00000
Sphaerotilus microaerophilus	2914710	S	3	5	8	0.00000
Piscinibacter gummiphilus	946333	S	5	1	6	0.00000
Kinneretia aquatilis	2070761	S	1	1	2	0.00000
Xylophilus sp. GW821-FHT01B05	3140249	S	22	4	26	0.00000
Nitrosomonas sp.	42353	S	98559	24027	122586	0.00769
Nitrosomonas sp. Is79A3	261292	S	9746	317	10063	0.00063
Nitrosomonas sp. sh817	3070658	S	2235	430	2665	0.00017
Nitrosomonas sp. H1_AOB3	2741553	S	56	987	1043	0.00007
Nitrosomonas ureae	44577	S	25877	2201	28078	0.00176
Nitrosomonas eutropha	916	S	18025	11272	29297	0.00184
Nitrosomonas europaea	915	S	2338	22818	25156	0.00158
Nitrosomonas nitrosa	52442	S	1151	61971	63122	0.00396
Nitrosomonas oligotropha	42354	S	1095	80523	81618	0.00512
Nitrosomonas halophila	44576	S	887	40074	40961	0.00257
Nitrosomonas mobilis	51642	S	218	16831	17049	0.00107
Nitrosomonas stercoris	1444684	S	218	134	352	0.00002
Nitrosomonas marina	917	S	75	1462	1537	0.00010
Nitrosomonas cryotolerans	44575	S	21	75	96	0.00001
Nitrosomonas aestuarii	52441	S	19	1633	1652	0.00010
uncultured Nitrosomonas sp.	156424	S	3	127	130	0.00001
Nitrosomonas supralitoralis	2116706	S	2	102	104	0.00001
Nitrosospira sp. NRS527	155925	S	130	38	168	0.00001
Nitrosospira briensis	35799	S	17	5	22	0.00000
Nitrosospira lacus	1288494	S	5	0	5	0.00000
Sterolibacterium denitrificans	157592	S	8179	2909	11088	0.00070
Denitratisoma sp. DHT3	1981880	S	1230	2202	3432	0.00022
Denitratisoma oestradiolicum	311182	S	510	142	652	0.00004
Candidatus Nitricoxidivorans perseverans	2975601	S	398	84	482	0.00003
Sulfuritalea hydrogenivorans	748811	S	119	25	144	0.00001
Rugosibacter aromaticivorans	1565605	S	49	41	90	0.00001
Sulfuritortus calidifontis	1914471	S	2724	3981	6705	0.00042
Thiobacillus sp.	924	S	126	56	182	0.00001
Thiobacillus sedimenti	3110231	S	5	0	5	0.00000
Methylobacillus flagellatus	405	S	149	98	247	0.00002
Candidatus Nitrotoga sp. AM1P	2559597	S	59	44	103	0.00001
Candidatus Nitrotoga arctica	453162	S	1	0	1	0.00000
Gallionella capsiferriformans	370405	S	5	0	5	0.00000
Sulfurimicrobium lacus	2715678	S	40	2	42	0.00000
Sulfuriferula plumbiphila	171865	S	7	0	7	0.00000
Candidatus Accumulibacter cognatus	2954383	S	48583	3348	51931	0.00326
Candidatus Accumulibacter phosphatis	327160	S	39737	65705	105442	0.00662
Candidatus Accumulibacter similis	2954388	S	2758	2288	5046	0.00032
Candidatus Desulfobacillus denitrificans	2608985	S	209	41	250	0.00002
Casimicrobium huifangae	2591109	S	2	2	4	0.00000
uncultured beta proteobacterium	86027	S	6034	46653	52687	0.00331
uncultured ammonia-oxidizing beta proteobacterium	254004	S	125	4155	4280	0.00027
Neisseria mucosa	488	S	67	60	127	0.00001
Aquella oligotrophica	2067065	S	7	0	7	0.00000
Crenobacter cavernae	2290923	S	4	10	14	0.00000
Chitiniphilus eburneus	2571148	S	57	26	83	0.00001
Chitiniphilus purpureus	2981137	S	5	5	10	0.00000
Laribacter hongkongensis	168471	S	26	77	103	0.00001
Aquaspirillum sp. LM1	1938604	S	17	12	29	0.00000
Aquitalea denitrificans	519081	S	4	8	12	0.00000
Vogesella sp. XCS3	2877939	S	1	2	3	0.00000
Betaproteobacteria bacterium UKL13-2	1690485	S	42	1	43	0.00000
beta proteobacterium MWH-UniP1	232526	S	28	15	43	0.00000
Nitrobacter sp. CN101	3126612	S	729987	61216	791203	0.04964
Nitrobacter sp. PJN1	174440	S	55	691	746	0.00005
Nitrobacter hamburgensis	912	S	100211	14966	115177	0.00723
Nitrobacter winogradskyi	913	S	24663	24574	49237	0.00309
Nitrobacter vulgaris	29421	S	3476	51841	55317	0.00347
Bradyrhizobium sp. CCBAU 051011	858422	S	385	1126	1511	0.00009
Bradyrhizobium sp. sBnM-33	2831780	S	19	17	36	0.00000
Bradyrhizobium sp. 27S5	3139728	S	16	1388	1404	0.00009
Bradyrhizobium sp. SK17	2057741	S	8	50	58	0.00000
Bradyrhizobium sp. TZ2	3350099	S	6	3	9	0.00000
Bradyrhizobium sp. PSBB068	2715960	S	1	3	4	0.00000
Bradyrhizobium japonicum	375	S	20	3554	3574	0.00022
Bradyrhizobium barranii	2992140	S	10	2140	2150	0.00013
Bradyrhizobium elkanii	29448	S	6	2089	2095	0.00013
Bradyrhizobium prioriisuperbiae	2854389	S	4	0	4	0.00000
Bradyrhizobium icense	1274631	S	3	5	8	0.00000
Bradyrhizobium diazoefficiens	1355477	S	1	1104	1105	0.00007
Tardiphaga alba	340268	S	1154	176	1330	0.00008
Afipia carboxidovorans	40137	S	357	504	861	0.00005
Afipia sp.	1871052	S	14	7	21	0.00000
Methylobacterium radiodurans	2202828	S	51	1228	1279	0.00008
Methylobacterium currus	2051553	S	1	140	141	0.00001
Methylobacterium fujisawaense	107400	S	1	3352	3353	0.00021
Methylorubrum extorquens	408	S	2	485	487	0.00003
Nitratireductor sp. ac15	3229537	S	358	6884	7242	0.00045
Mesorhizobium sp. B4-1-4	2589888	S	2	181	183	0.00001
Ochrobactrum sp. PW1	1882222	S	903	10265	11168	0.00070
Brucella anthropi	529	S	24	184	208	0.00001
Brucella intermedia	94625	S	1	0	1	0.00000
Agrobacterium leguminum	2792015	S	268	122	390	0.00002
Agrobacterium tumefaciens	358	S	9	25	34	0.00000
Agrobacterium sp. S7/73	2820002	S	1	10	11	0.00000
Neorhizobium galegae	399	S	124	16	140	0.00001
Rhizobium sullae	50338	S	13	4	17	0.00000
Rhizobium sp. Pop5	1223565	S	8	4	12	0.00000
Shinella zoogloeoides	352475	S	5	31	36	0.00000
Ensifer adhaerens	106592	S	10	4	14	0.00000
Sinorhizobium fredii	380	S	1	1	2	0.00000
Bartonella grahamii	33045	S	32	85	117	0.00001
Martelella lutilitoris	2583532	S	12	5	17	0.00000
Aureimonas frigidaquae	424757	S	3	0	3	0.00000
Parvibaculum lavamentivorans	256618	S	11	21	32	0.00000
Methylocystis bryophila	655015	S	3	0	3	0.00000
Roseibium aggregatum	187304	S	1	0	1	0.00000
Breoghania sp. L-A4	2304600	S	1	0	1	0.00000
Xanthobacter autotrophicus	280	S	1	2	3	0.00000
Xanthobacter dioxanivorans	2528964	S	1	0	1	0.00000
Pelagibacterium halotolerans	531813	S	1	0	1	0.00000
Novosphingobium sp. ES2-1	2780074	S	46079	24687	70766	0.00444
Novosphingobium sp. KACC 22771	3025670	S	26780	2227	29007	0.00182
Novosphingobium sp. PP1Y	702113	S	11129	33549	44678	0.00280
Novosphingobium sp. KA1	164608	S	8426	57284	65710	0.00412
Novosphingobium sp. MBES04	1206458	S	7117	22333	29450	0.00185
Novosphingobium sp. THN1	1016987	S	3357	1416	4773	0.00030
Novosphingobium sp. P6W	1609758	S	2770	292	3062	0.00019
Novosphingobium sp. BL-8H	3127640	S	1443	966	2409	0.00015
Novosphingobium sp. RL4	3109595	S	1398	180	1578	0.00010
Novosphingobium sp. BL-8A	3127639	S	1058	761	1819	0.00011
Novosphingobium sp. PY1	1882221	S	744	6522	7266	0.00046
Novosphingobium sp. BL-52-GroH	3349877	S	724	95	819	0.00005
Novosphingobium sp. 9	2025349	S	418	49	467	0.00003
Novosphingobium sp. EMRT-2	2571749	S	243	406	649	0.00004
Novosphingobium sp. GX9	1370108	S	156	174	330	0.00002
Novosphingobium sp. H25	527204	S	115	905	1020	0.00006
Novosphingobium sp. ZN18A2	3079861	S	29	2	31	0.00000
Novosphingobium sp. Gsoil 351	2675225	S	8	0	8	0.00000
Novosphingobium capsulatum	13688	S	37142	27071	64213	0.00403
Novosphingobium resinovorum	158500	S	12750	10875	23625	0.00148
Novosphingobium kaempferiae	2896849	S	6972	652	7624	0.00048
Novosphingobium humi	2282397	S	6749	714	7463	0.00047
Novosphingobium pentaromativorans	205844	S	3948	15694	19642	0.00123
Novosphingobium decolorationis	2698673	S	1956	7362	9318	0.00058
Novosphingobium aromaticivorans	48935	S	1725	13823	15548	0.00098
Novosphingobium olei	2728851	S	1460	339	1799	0.00011
Novosphingobium ginsenosidimutans	1176536	S	571	36	607	0.00004
Novosphingobium rosa	76978	S	246	1571	1817	0.00011
Novosphingobium acidiphilum	505248	S	169	3207	3376	0.00021
Novosphingobium hassiacum	173676	S	147	7067	7214	0.00045
Novosphingobium fuchskuhlense	1117702	S	40	549	589	0.00004
Novosphingobium lentum	145287	S	10	83	93	0.00001
Novosphingobium pokkalii	1770194	S	6	238	244	0.00002
Novosphingobium nitrogenifigens	378548	S	2	387	389	0.00002
Novosphingobium taihuense	260085	S	1	36	37	0.00000
Sphingobium sp. WTD-1	2979467	S	6420	12345	18765	0.00118
Sphingobium sp. YC-XJ3	3024245	S	1125	24695	25820	0.00162
Sphingobium sp. CFD-1	2878545	S	1053	6097	7150	0.00045
Sphingobium sp. JS3065	2970925	S	810	1605	2415	0.00015
Sphingobium sp. PAMC28499	2565554	S	784	1022	1806	0.00011
Sphingobium sp. SJ10-10	3114999	S	761	1194	1955	0.00012
Sphingobium sp. TKS	1315974	S	684	3437	4121	0.00026
Sphingobium sp. YG1	2082188	S	451	507	958	0.00006
Sphingobium sp. SYK-6	627192	S	436	300	736	0.00005
Sphingobium sp. AntQ-1	2930091	S	338	310	648	0.00004
Sphingobium sp. CAP-1	2676077	S	256	409	665	0.00004
Sphingobium sp. RSMS	520734	S	218	1414	1632	0.00010
Sphingobium sp. Cam5-1	2789327	S	116	1933	2049	0.00013
Sphingobium sp. SCG-1	2072936	S	95	3	98	0.00001
Sphingobium sp. CFD-2	2878542	S	92	1220	1312	0.00008
Sphingobium sp. RAC03	1843368	S	57	24	81	0.00001
Sphingobium sp. V4	3038927	S	56	15	71	0.00000
Sphingobium sp. TomTYG65	3028888	S	51	3	54	0.00000
Sphingobium sp. EP60837	1855519	S	50	22	72	0.00000
Sphingobium sp. YBL2	484429	S	48	591	639	0.00004
Sphingobium sp. TomTYG64	3028887	S	21	394	415	0.00003
Sphingobium sp. KCTC 72723	2733867	S	18	3	21	0.00000
Sphingobium sp.	1912891	S	15	19	34	0.00000
Sphingobium sp. RC1	3028879	S	13	4	17	0.00000
Sphingobium sp. LF-16	2185111	S	11	140	151	0.00001
Sphingobium sp. AP49	1144307	S	7	1	8	0.00000
Sphingobium sp. MI1205	407020	S	6	20	26	0.00000
Sphingobium sp. TomMM15	3028882	S	6	5	11	0.00000
Sphingobium sp. TomTYG46	3028886	S	3	0	3	0.00000
Sphingobium sp. TomTYG74	3028892	S	3	1	4	0.00000
Sphingobium yanoikuyae	13690	S	9721	25622	35343	0.00222
Sphingobium xenophagum	121428	S	2594	6560	9154	0.00057
Sphingobium baderi	1332080	S	2387	9983	12370	0.00078
Sphingobium naphthae	1886786	S	1501	2225	3726	0.00023
Sphingobium herbicidovorans	76947	S	692	1163	1855	0.00012
Sphingobium cloacae	120107	S	654	3040	3694	0.00023
Sphingobium fuliginis	336203	S	548	3292	3840	0.00024
Sphingobium phenoxybenzoativorans	1592790	S	292	463	755	0.00005
Sphingobium amiense	135719	S	289	1302	1591	0.00010
Sphingobium chungbukense	56193	S	113	642	755	0.00005
Sphingobium indicum	332055	S	98	194	292	0.00002
Sphingomonas melonis	152682	S	31835	31826	63661	0.00399
Sphingomonas cannabina	2899123	S	6246	6101	12347	0.00077
Sphingomonas sp. IC081	304378	S	2987	25121	28108	0.00176
Sphingomonas sp. FARSPH	2219696	S	1466	547	2013	0.00013
Sphingomonas sp. DBB INV C78	3349434	S	314	40	354	0.00002
Sphingomonas sp. K12	1603342	S	187	387	574	0.00004
Sphingomonas sp. CL5.1	2653203	S	177	92	269	0.00002
Sphingomonas sp. NIC1	1961362	S	171	135	306	0.00002
Sphingomonas sp. ERG5	1381597	S	97	344	441	0.00003
Sphingomonas sp. C3-2	3062169	S	40	5	45	0.00000
Sphingomonas sp. AAP5	1523415	S	17	5	22	0.00000
Sphingomonas sp. KC8	1030157	S	13	2	15	0.00000
Sphingomonas sp. QA11	2950605	S	12	1	13	0.00000
Sphingomonas sp. Fr1	907061	S	7	17	24	0.00000
Sphingomonas sp. P2	208080	S	6	962	968	0.00006
Sphingomonas sp. JE1	1628059	S	5	2	7	0.00000
Sphingomonas sp. SH	849864	S	4	100	104	0.00001
Sphingomonas sp. MM-1	745310	S	4	14	18	0.00000
Sphingomonas sp. AP4-R1	2735134	S	3	0	3	0.00000
Sphingomonas sp. C230	400152	S	3	7	10	0.00000
Sphingomonas sp. Y38-1Y	3078265	S	2	0	2	0.00000
Sphingomonas sp. MMS24-J13	3238686	S	2	0	2	0.00000
Sphingomonas sp. MMS12-HWE2-04	3234199	S	1	0	1	0.00000
Sphingomonas sp. So64.6b	2997354	S	1	0	1	0.00000
Sphingomonas sp. S1-29	2991074	S	1	0	1	0.00000
Sphingomonas sp.	28214	S	1	50	51	0.00000
Sphingomonas sp. DN1	668905	S	1	95	96	0.00001
Sphingomonas sp. HMP9	1517554	S	1	0	1	0.00000
Sphingomonas koreensis	93064	S	580	764	1344	0.00008
Sphingomonas bisphenolicum	296544	S	381	488	869	0.00005
Sphingomonas hengshuiensis	1609977	S	135	6	141	0.00001
Sphingomonas paucimobilis	13689	S	79	61	140	0.00001
Sphingomonas psychrotolerans	1327635	S	73	3	76	0.00000
Sphingomonas sanxanigenens	397260	S	57	75	132	0.00001
Sphingomonas hankookensis	563996	S	48	70	118	0.00001
Sphingomonas panni	237612	S	47	421	468	0.00003
Sphingomonas aliaeris	2759526	S	32	2	34	0.00000
Sphingomonas panacis	1560345	S	25	1	26	0.00000
Sphingomonas abietis	3012344	S	20	2	22	0.00000
Sphingomonas aerolata	185951	S	7	1	8	0.00000
Sphingomonas naphthae	1813468	S	6	3	9	0.00000
Sphingomonas nostoxanthinifaciens	2872652	S	6	0	6	0.00000
Sphingomonas paeninsulae	2319844	S	6	0	6	0.00000
Sphingomonas insulae	424800	S	4	0	4	0.00000
Sphingomonas leidyi	68569	S	3	1	4	0.00000
Candidatus Sphingomonas phytovorans	3121370	S	3	0	3	0.00000
Sphingomonas changnyeongensis	2698679	S	2	0	2	0.00000
Sphingomonas suaedae	2599297	S	2	0	2	0.00000
Sphingomonas morindae	1541170	S	1	0	1	0.00000
Sphingomonas rhizophila	2071607	S	1	0	1	0.00000
Sphingomonas parapaucimobilis	28213	S	1	0	1	0.00000
Sphingopyxis sp. DBS4	2968500	S	2081	2688	4769	0.00030
Sphingopyxis sp. 113P3	292913	S	1036	937	1973	0.00012
Sphingopyxis sp. FD7	1914525	S	141	113	254	0.00002
Sphingopyxis sp. YF1	2482763	S	141	34	175	0.00001
Sphingopyxis sp. GC21	2933562	S	126	181	307	0.00002
Sphingopyxis sp. EG6	1874061	S	68	59	127	0.00001
Sphingopyxis sp. PAMC25046	2565556	S	51	35	86	0.00001
Sphingopyxis sp. MG	1866325	S	4	12	16	0.00000
Sphingopyxis granuli	267128	S	1171	2640	3811	0.00024
Sphingopyxis terrae	33052	S	936	925	1861	0.00012
Sphingopyxis macrogoltabida	33050	S	924	1145	2069	0.00013
Sphingopyxis alaskensis	117207	S	499	332	831	0.00005
Sphingopyxis fribergensis	1515612	S	51	65	116	0.00001
Sphingopyxis indica	436663	S	11	23	34	0.00000
Tardibacter chloracetimidivorans	1921510	S	1155	2815	3970	0.00025
Rhizorhabdus wittichii	160791	S	1037	3751	4788	0.00030
Rhizorhabdus dicambivorans	1850238	S	73	188	261	0.00002
Rhizorhabdus phycosphaerae	2711156	S	9	0	9	0.00000
Blastomonas fulva	1550728	S	142	202	344	0.00002
Blastomonas sp. RAC04	1842535	S	94	38	132	0.00001
Blastomonas marina	1867408	S	1	2	3	0.00000
Hankyongella ginsenosidimutans	1763828	S	196	98	294	0.00002
Novosphingopyxis iocasae	2762729	S	169	500	669	0.00004
Stakelama saccharophila	3075605	S	50	3	53	0.00000
Sphingosinithalassobacter tenebrarum	2711215	S	27	41	68	0.00000
Sphingorhabdus sp. YGSMI21	2077182	S	16	0	16	0.00000
Citromicrobium sp. JL477	1634516	S	15	31	46	0.00000
uncultured Sphingomonadaceae bacterium	169976	S	13	819	832	0.00005
Candidatus Andeanibacterium colombiense	3121345	S	4	0	4	0.00000
Croceicoccus sp. Ery15	1703338	S	1624	5792	7416	0.00047
Croceicoccus sp. YJ47	2798724	S	1103	1016	2119	0.00013
Croceicoccus sp. Ery5	1703340	S	467	687	1154	0.00007
Croceicoccus naphthovorans	1348774	S	3120	14431	17551	0.00110
Croceicoccus marinus	450378	S	548	518	1066	0.00007
Porphyrobacter sp. YT40	2547601	S	671	1575	2246	0.00014
Porphyrobacter sp. HT-58-2	2023229	S	63	17	80	0.00001
Porphyrobacter sp. CACIAM 03H1	2003315	S	45	59	104	0.00001
Porphyrobacter sp. LM 6	1896196	S	2	1	3	0.00000
Erythrobacter sp.	1042	S	161	74	235	0.00001
Erythrobacter sp. 3-20A1M	2653850	S	15	32	47	0.00000
Erythrobacter sp. KY5	2011159	S	5	0	5	0.00000
Erythrobacter aurantius	2909249	S	40	18	58	0.00000
Erythrobacter neustonensis	1112	S	8	1	9	0.00000
Erythrobacter mangrovi	2739433	S	2	0	2	0.00000
Altererythrobacter sp. TH136	2067415	S	538	98	636	0.00004
Altererythrobacter sp. B11	2060312	S	33	29	62	0.00000
Altererythrobacter sp. H2	3108391	S	20	31	51	0.00000
Qipengyuania spongiae	2909673	S	294	517	811	0.00005
Qipengyuania citrea	225971	S	185	600	785	0.00005
Qipengyuania sp. R86523	3093862	S	10	1	11	0.00000
Qipengyuania sp. HL-TH1	3113984	S	3	6	9	0.00000
Qipengyuania sp. DSG5-3	3349632	S	2	0	2	0.00000
Qipengyuania sediminis	1532023	S	13	1	14	0.00000
Qipengyuania soli	2782568	S	11	1	12	0.00000
Qipengyuania flava	192812	S	6	9	15	0.00000
Qipengyuania aurantiaca	2867233	S	1	0	1	0.00000
Aurantiacibacter atlanticus	1648404	S	464	283	747	0.00005
Tsuneonella sp. CC-YZS046	3042152	S	71	108	179	0.00001
Tsuneonella flava	2055955	S	51	91	142	0.00001
Pelagerythrobacter marensis	543877	S	114	13	127	0.00001
Pelagerythrobacter marinus	538382	S	10	33	43	0.00000
Croceibacterium atlanticum	1267766	S	38	20	58	0.00000
Caenibius sp. WL	2872646	S	9	0	9	0.00000
Caenibius tardaugens	169176	S	8	33	41	0.00000
Erythrobacteraceae bacterium 1C24	3127706	S	9	3	12	0.00000
Sphingosinicella microcystinivorans	335406	S	24	45	69	0.00000
Sandaracinobacteroides saxicola	2759707	S	3	0	3	0.00000
Paracoccus seriniphilus	184748	S	740	700	1440	0.00009
Paracoccus aminovorans	34004	S	135	318	453	0.00003
Paracoccus saliphilus	405559	S	1	0	1	0.00000
Paracoccus yeei	147645	S	1	17	18	0.00000
Paracoccus sp. MA	2895796	S	1	6	7	0.00000
Paroceanicella profunda	2579971	S	28	528	556	0.00003
Rhodobacteraceae bacterium QY30	2033435	S	2	3	5	0.00000
Roseovarius sp.	1486281	S	3	22	25	0.00000
Marivita sp.	2003365	S	1	10	11	0.00000
uncultured proteobacterium 90H6	1240598	S	2060	0	2060	0.00013
uncultured Alphaproteobacteria bacterium	91750	S	18	25	43	0.00000
Acetobacter aceti	435	S	6	502	508	0.00003
Kozakia baliensis	153496	S	24	96	120	0.00001
Granulibacter bethesdensis	364410	S	16	2	18	0.00000
Gluconobacter albidus	318683	S	9	4	13	0.00000
Gluconobacter sphaericus	574987	S	4	2	6	0.00000
Komagataeibacter nataicola	265960	S	5	15	20	0.00000
Komagataeibacter rhaeticus	215221	S	4	17	21	0.00000
Acidibrevibacterium fodinaquatile	1969806	S	4	0	4	0.00000
Asaia lannensis	415421	S	1	6	7	0.00000
Roseomonas mucosa	207340	S	65	428	493	0.00003
Roseomonas sp. OT10	2897332	S	57	32	89	0.00001
Roseomonas gilardii	257708	S	1	0	1	0.00000
Brevundimonas albigilva	1312364	S	134	359	493	0.00003
Brevundimonas sp. C43	3068314	S	2	28	30	0.00000
Brevundimonas sp.	1871086	S	2	2	4	0.00000
Caulobacter sp. FWC26	69665	S	279	210	489	0.00003
Niveispirillum cyanobacteriorum	1612173	S	502	147	649	0.00004
Azospirillum sp. HJ39	3159496	S	52	9	61	0.00000
Defluviicoccus vanus	111831	S	3	5	8	0.00000
Tistrella mobilis	171437	S	32	26	58	0.00000
Tistrella bauzanensis	657419	S	4	2	6	0.00000
Candidatus Competibacteraceae bacterium	2053538	S	421075	9541	430616	0.02702
Candidatus Competibacter phosphatis	221280	S	2383	20398	22781	0.00143
Halomonas sp. CKK8	3036127	S	7427	646	8073	0.00051
Halomonas sp. M4R1S46	2982692	S	5891	464	6355	0.00040
Halomonas sp. 3H	2952527	S	5127	767	5894	0.00037
Halomonas sp. THAF12	2587849	S	4505	2725	7230	0.00045
Halomonas sp.	1486246	S	4486	26570	31056	0.00195
Halomonas sp. Y3	2956797	S	3231	1611	4842	0.00030
Halomonas sp. KG2	2951138	S	2144	3406	5550	0.00035
Halomonas sp. NyZ770	2883106	S	1622	4322	5944	0.00037
Halomonas sp. DN3	2953657	S	1457	3427	4884	0.00031
Halomonas sp. THAF5a	2587844	S	1264	234	1498	0.00009
Halomonas sp. RT37	2950872	S	1141	4664	5805	0.00036
Halomonas sp. H10-59	2950874	S	885	3717	4602	0.00029
Halomonas sp. 18071143	2855441	S	881	2769	3650	0.00023
Halomonas sp. PA16-9	2576841	S	825	5226	6051	0.00038
Halomonas sp. PGE1	2730360	S	542	961	1503	0.00009
Halomonas sp. 1513	1883416	S	363	27	390	0.00002
Halomonas sp. I5-271120	3061632	S	344	56	400	0.00003
Halomonas sp. N3-2A	2014541	S	338	2713	3051	0.00019
Halomonas sp. SH5A2	2749040	S	298	28	326	0.00002
Halomonas sp. A020	2717374	S	193	1711	1904	0.00012
Halomonas sp. BM-2019	2811227	S	185	16	201	0.00001
Halomonas sp. YLGW01	2773308	S	183	17	200	0.00001
Halomonas sp. HAL1	550984	S	179	124	303	0.00002
Halomonas sp. LR3S48	2982694	S	151	10	161	0.00001
Halomonas sp. JS92-SW72	2306583	S	149	151	300	0.00002
Halomonas sp. M1	3035470	S	144	171	315	0.00002
Halomonas sp. CA1-3XX	445848	S	139	977	1116	0.00007
Halomonas sp. HG01	1609967	S	112	142	254	0.00002
Halomonas sp. TD01	999141	S	103	39	142	0.00001
Halomonas sp. BDJS001	2992143	S	88	37	125	0.00001
Halomonas sp. A40-4	2785909	S	84	13	97	0.00001
Halomonas sp. NH11	1857922	S	70	1588	1658	0.00010
Halomonas sp. KO116	1504981	S	57	308	365	0.00002
Halomonas sp. MCCC 1A13316	2733487	S	49	3	52	0.00000
Halomonas sp. hl-4	1761789	S	36	311	347	0.00002
Halomonas sp. Sa5-1XX	445839	S	32	1011	1043	0.00007
Halomonas sp. Bachu 37	3084920	S	19	1	20	0.00000
Halomonas sp. Sa7-1I	445841	S	15	144	159	0.00001
Halomonas sp. PAMB 3264	3075222	S	14	101	115	0.00001
Halomonas sp. Sa6-1I	445840	S	8	92	100	0.00001
Halomonas sp. SS10-MC5	2854257	S	6	59	65	0.00000
Halomonas sp. 7T	2893469	S	4	2	6	0.00000
Halomonas sp. CA2-2I	445850	S	4	424	428	0.00003
Halomonas sp. HL-93	1666906	S	3	26	29	0.00000
Halomonas sp. GD1P12	2982691	S	2	14	16	0.00000
Halomonas sp. ZM3	1250400	S	2	39	41	0.00000
Halomonas sp. MS1	507763	S	2	18	20	0.00000
Halomonas sp. FeN2	2832500	S	1	6	7	0.00000
Halomonas piscis	3031727	S	4554	348	4902	0.00031
Halomonas elongata	2746	S	2988	2882	5870	0.00037
Halomonas halophila	29573	S	2833	4067	6900	0.00043
Halomonas chromatireducens	507626	S	2232	106	2338	0.00015
Halomonas alkalicola	1930622	S	1796	1586	3382	0.00021
Halomonas salifodinae	438745	S	1271	407	1678	0.00011
Halomonas socia	1081866	S	1207	70	1277	0.00008
Halomonas beimenensis	475662	S	663	53	716	0.00004
Halomonas aestuarii	1897729	S	446	41	487	0.00003
Halomonas sulfidivorans	2733488	S	264	21	285	0.00002
Halomonas huangheensis	1178482	S	233	11	244	0.00002
Halomonas qaidamensis	2866211	S	214	213	427	0.00003
Halomonas qinghailakensis	2937790	S	207	217	424	0.00003
Halomonas eurihalina	42566	S	193	4528	4721	0.00030
Halomonas binhaiensis	2562282	S	178	6	184	0.00001
Halomonas hydrothermalis	115561	S	177	411	588	0.00004
Halomonas koreensis	245385	S	167	3614	3781	0.00024
Halomonas alkaliantarctica	232346	S	159	45	204	0.00001
Halomonas ventosae	229007	S	129	98173	98302	0.00617
Halomonas alimentaria	147248	S	111	3233	3344	0.00021
Halomonas halocynthiae	176290	S	48	557	605	0.00004
Halomonas halodenitrificans	28252	S	47	281	328	0.00002
Halomonas cupida	44933	S	40	1530	1570	0.00010
Halomonas salipaludis	2032625	S	36	359	395	0.00002
Halomonas organivorans	257772	S	29	403	432	0.00003
Halomonas almeriensis	308163	S	22	911	933	0.00006
Halomonas halmophila	252	S	14	2502	2516	0.00016
Halomonas maura	117606	S	12	48	60	0.00000
Halomonas salinarum	1158993	S	12	509	521	0.00003
Halomonas faecis	1562110	S	11	134	145	0.00001
Halomonas icarae	2691040	S	8	76	84	0.00001
Halomonas saccharevitans	416872	S	7	1082	1089	0.00007
Halomonas korlensis	463301	S	7	233	240	0.00002
Halomonas caseinilytica	438744	S	7	622	629	0.00004
Halomonas cerina	447424	S	6	40	46	0.00000
Halomonas lysinitropha	2607506	S	5	37	42	0.00000
Halomonas daqiaonensis	650850	S	5	75	80	0.00001
Halomonas jincaotanensis	2810616	S	4	60	64	0.00000
Halomonas fontilapidosi	616675	S	4	261	265	0.00002
Halomonas denitrificans	370769	S	4	164	168	0.00001
Halomonas campaniensis	213554	S	3	244	247	0.00002
Halomonas nitroreducens	447425	S	2	94	96	0.00001
Halomonas urumqiensis	1684789	S	1	22	23	0.00000
Halomonas heilongjiangensis	1387883	S	1	14	15	0.00000
Halomonas shengliensis	419597	S	1	44	45	0.00000
Vreelandella profundi	2852117	S	1820	284	2104	0.00013
Vreelandella aquamarina	77097	S	705	1482	2187	0.00014
Vreelandella stevensii	502821	S	279	442	721	0.00005
Vreelandella sp. SM1641	3126101	S	222	1386	1608	0.00010
Vreelandella olivaria	390919	S	207	155	362	0.00002
Vreelandella titanicae	664683	S	160	467	627	0.00004
Vreelandella venusta	44935	S	135	222	357	0.00002
Vreelandella piezotolerans	2609667	S	40	267	307	0.00002
Vreelandella subglaciescola	29571	S	17	1	18	0.00000
Vreelandella neptunia	115551	S	16	105	121	0.00001
Vreelandella salicampi	1449798	S	11	59	70	0.00000
Vreelandella sulfidaeris	115553	S	6	3	9	0.00000
Vreelandella alkaliphila	272774	S	3	18	21	0.00000
Vreelandella zhanjiangensis	1121960	S	1	37	38	0.00000
Chromohalobacter canadensis	141389	S	236	112	348	0.00002
Chromohalobacter israelensis	141390	S	5	0	5	0.00000
Cobetia amphilecti	1055104	S	36	112	148	0.00001
Cobetia sp. AM6	2661553	S	3	13	16	0.00000
Cobetia sp. UIB-001	2717697	S	2	3	5	0.00000
Cobetia sp. cqz5-12	2609415	S	1	0	1	0.00000
Salinicola sp. LHM	3065298	S	60	24	84	0.00001
Salinicola sp. JS01	3050071	S	13	4	17	0.00000
Salinicola tamaricis	1771309	S	20	6	26	0.00000
Salinicola lusitanus	1949085	S	5	0	5	0.00000
Billgrantia tianxiuensis	2497861	S	47	6	53	0.00000
Billgrantia sulfidoxydans	2733484	S	38	369	407	0.00003
Billgrantia gudaonensis	376427	S	1	13	14	0.00000
Pistricoccus aurantiacus	1883414	S	19	1	20	0.00000
Modicisalibacter muralis	119000	S	2	47	49	0.00000
Bisbaumannia pacifica	77098	S	2	87	89	0.00001
Alloalcanivorax xenomutans	1094342	S	348	128	476	0.00003
Alloalcanivorax dieselolei	285091	S	7	0	7	0.00000
Alcanivorax borkumensis	59754	S	9	21	30	0.00000
Alcanivorax sp.	1872427	S	3	1	4	0.00000
Alcanivorax sp. NBRC 101098	1113728	S	3	4	7	0.00000
Marinomonas rhizomae	491948	S	1	0	1	0.00000
Marinomonas profundi	2726122	S	1	0	1	0.00000
Thalassolituus hydrocarboniclasticus	2742796	S	2	0	2	0.00000
Candidatus Thalassolituus haligoni	3100113	S	1	0	1	0.00000
uncultured Marinobacterium sp.	289361	S	1	0	1	0.00000
Pseudomonas aeruginosa	287	S	34976	264999	299975	0.01882
Pseudomonas citronellolis	53408	S	4572	3166	7738	0.00049
Pseudomonas sp. CW003PS	3041817	S	5401	32221	37622	0.00236
Pseudomonas sp. ADPe	2774873	S	5012	7365	12377	0.00078
Pseudomonas sp. PONIH3	1636610	S	2807	39293	42100	0.00264
Pseudomonas sp. BIOMIG1BAC	1758730	S	2419	7359	9778	0.00061
Pseudomonas sp. PS1(2021)	2866282	S	263	18158	18421	0.00116
Pseudomonas sp. phDV1	253237	S	106	925	1031	0.00006
Pseudomonas sp.	306	S	74	3238	3312	0.00021
Pseudomonas sp. ABC1	2748080	S	49	4	53	0.00000
Pseudomonas sp. C9-3	3078264	S	46	5	51	0.00000
Pseudomonas sp. 4810-S13	3120822	S	45	667	712	0.00004
Pseudomonas sp. HLS-6	2049589	S	39	65	104	0.00001
Pseudomonas sp. M1	95619	S	24	45	69	0.00000
Pseudomonas sp. RC3H12	2834406	S	7	2	9	0.00000
Pseudomonas sp. 11BF10	941394	S	7	41	48	0.00000
Pseudomonas sp. NY8938	3081664	S	6	102	108	0.00001
Pseudomonas sp. Nvir	2899657	S	6	17	23	0.00000
Pseudomonas sp. M30-35	1981174	S	3	0	3	0.00000
Pseudomonas sp. B21-032	2895483	S	1	0	1	0.00000
Pseudomonas sp. CCOS 191	1649877	S	1	0	1	0.00000
Pseudomonas sp. SCT	412955	S	1	1	2	0.00000
Pseudomonas putida	303	S	9513	22442	31955	0.00200
Pseudomonas oryzihabitans	47885	S	21	6	27	0.00000
Pseudomonas mosselii	78327	S	1	0	1	0.00000
Pseudomonas soli	1306993	S	874	2561	3435	0.00022
Pseudomonas mandelii	75612	S	205	326	531	0.00003
Pseudomonas veronii	76761	S	25	58	83	0.00001
Pseudomonas berkeleyensis	2726956	S	247	30	277	0.00002
Pseudomonas paralcaligenes	2772558	S	79	18	97	0.00001
Pseudomonas pohangensis	364197	S	65	3	68	0.00000
Pseudomonas triclosanedens	2961893	S	36	66	102	0.00001
Pseudomonas benzenivorans	556533	S	31	4	35	0.00000
Pseudomonas chlororaphis	587753	S	19	5	24	0.00000
Pseudomonas lurida	244566	S	2	1	3	0.00000
Pseudomonas cucumis	2954082	S	2	0	2	0.00000
Pseudomonas maumuensis	2842354	S	1	0	1	0.00000
Pseudomonas juntendi	2666183	S	1	7	8	0.00000
uncultured Pseudomonas sp.	114707	S	1	26	27	0.00000
Ectopseudomonas mendocina	300	S	6371	3389	9760	0.00061
Ectopseudomonas oleovorans	301	S	719	3131	3850	0.00024
Ectopseudomonas chengduensis	489632	S	110	311	421	0.00003
Ectopseudomonas hydrolytica	2493633	S	41	66	107	0.00001
Stutzerimonas stutzeri	316	S	275	273	548	0.00003
Stutzerimonas balearica	74829	S	239	711	950	0.00006
Thiopseudomonas alkaliphila	1697053	S	35	10	45	0.00000
Halopseudomonas oceani	1708783	S	2	0	2	0.00000
Metapseudomonas otitidis	319939	S	1	0	1	0.00000
Marinobacter sp. LQ44	1749259	S	248	412	660	0.00004
Marinobacter sp. CP1	1671721	S	3	10	13	0.00000
Marinobacter sp. M5B	3141535	S	2	8	10	0.00000
Marinobacter sp. LM1	3003349	S	2	6	8	0.00000
Marinobacter sp. CA1	2817656	S	1	0	1	0.00000
Marinobacter sp. LV10R510-11A	1415568	S	1	0	1	0.00000
Marinobacter sp. M3C	2917715	S	1	0	1	0.00000
Marinobacter sp. NP-4(2019)	2488665	S	1	0	1	0.00000
Marinobacter nanhaiticus	1305740	S	152	10	162	0.00001
Marinobacter nauticus	2743	S	58	254	312	0.00002
Marinobacter salinus	1874317	S	2	0	2	0.00000
Marinobacter shengliensis	1389223	S	1	1	2	0.00000
Marinobacter salarius	1420917	S	1	1	2	0.00000
Marinobacter metalliresistant	2961995	S	1	4	5	0.00000
Pseudomonadales bacterium	1891229	S	100	7	107	0.00001
Stenotrophomonas maltophilia	40324	S	15166	63892	79058	0.00496
Xanthomonas hortorum	56454	S	3708	14132	17840	0.00112
Xanthomonas axonopodis	53413	S	1823	1511	3334	0.00021
Xanthomonas hyacinthi	56455	S	537	141	678	0.00004
Xanthomonas rydalmerensis	3046274	S	510	82	592	0.00004
Xanthomonas cerealis	3390025	S	47	14	61	0.00000
Xanthomonas vesicatoria	56460	S	21	10	31	0.00000
Xanthomonas campestris	339	S	3	14	17	0.00000
Xanthomonas oryzae	347	S	2	0	2	0.00000
Xanthomonas prunicola	2053930	S	1	0	1	0.00000
Luteimonas yindakuii	2565782	S	4	3	7	0.00000
Pseudoxanthomonas sp. JBR18	2969308	S	4	0	4	0.00000
Klebsiella pneumoniae	573	S	154	6841	6995	0.00044
Klebsiella quasipneumoniae	1463165	S	1	9	10	0.00000
Klebsiella michiganensis	1134687	S	29	186	215	0.00001
Klebsiella aerogenes	548	S	5	11	16	0.00000
Enterobacter hormaechei	158836	S	437	8698	9135	0.00057
Enterobacter kobei	208224	S	13	116	129	0.00001
Enterobacter asburiae	61645	S	3	17	20	0.00000
Enterobacter cloacae	550	S	2	7	9	0.00000
Escherichia coli	562	S	396	14590	14986	0.00094
Citrobacter freundii	546	S	15	200	215	0.00001
Citrobacter braakii	57706	S	1	5	6	0.00000
Salmonella enterica	28901	S	18	2414	2432	0.00015
Leclercia adecarboxylata	83655	S	2	7	9	0.00000
Morganella morganii	582	S	341	177	518	0.00003
Proteus mirabilis	584	S	1	1	2	0.00000
Serratia nevei	2703794	S	28	1685	1713	0.00011
Serratia rubidaea	61652	S	3	0	3	0.00000
Sodalis praecaptivus	1239307	S	35	4	39	0.00000
Pectobacterium brasiliense	180957	S	7	5	12	0.00000
Pectobacterium quasiaquaticum	2774015	S	6	4	10	0.00000
Pectobacterium polaris	2042057	S	4	2	6	0.00000
Aeromonas veronii	654	S	4404	4769	9173	0.00058
Aeromonas sp. ASNIH5	1758179	S	1337	51534	52871	0.00332
Aeromonas sp. ASNIH4	1636609	S	13	107	120	0.00001
Aeromonas sp. ASNIH3	1636608	S	8	425	433	0.00003
Aeromonas sp. ASNIH7	1920107	S	1	49	50	0.00000
Aeromonas hydrophila	644	S	6	9	15	0.00000
Aeromonas caviae	648	S	6	32	38	0.00000
Aeromonas schubertii	652	S	3	1	4	0.00000
Aeromonas salmonicida	645	S	1	32	33	0.00000
Aeromonas rivipollensis	948519	S	1	0	1	0.00000
Oceanimonas sp. AH20CE76	2977120	S	23	12	35	0.00000
Oceanimonas sp. GK1	511062	S	5	0	5	0.00000
Tolumonas auensis	43948	S	26	35	61	0.00000
Zobellella sp. DQSA1	3342386	S	1	0	1	0.00000
Candidatus Methylospira mobilis	1808979	S	2212	191	2403	0.00015
Methylomonas montana	3058963	S	1414	118	1532	0.00010
Methylocaldum marinum	1432792	S	652	137	789	0.00005
Methylococcus geothermalis	2681310	S	390	153	543	0.00003
Methylococcus sp. ANG	3231903	S	15	37	52	0.00000
Methylococcus capsulatus	414	S	6	2	8	0.00000
Methylotuvimicrobium sp. KM1	3377707	S	93	425	518	0.00003
Methylotuvimicrobium sp. KM2	3133976	S	29	171	200	0.00001
Methylomarinum roseum	3067653	S	57	18	75	0.00000
Methylomicrobium sp. wino1	2049332	S	7	58	65	0.00000
Methylobacter sp. S3L5C	2839024	S	2	0	2	0.00000
Gammaproteobacteria bacterium	1913989	S	4459	1057	5516	0.00035
gamma proteobacterium SS-5	947516	S	19	1	20	0.00000
Vibrio vulnificus	672	S	3920	1087	5007	0.00031
Vibrio alginolyticus	663	S	241	787	1028	0.00006
Vibrio parahaemolyticus	670	S	1	0	1	0.00000
Vibrio metschnikovii	28172	S	35	23	58	0.00000
Vibrio gazogenes	687	S	2	0	2	0.00000
Vibrio spartinae	1918945	S	1	0	1	0.00000
Vibrio furnissii	29494	S	1	0	1	0.00000
Photobacterium gaetbulicola	1295392	S	57	5	62	0.00000
Photobacterium damselae	38293	S	1	0	1	0.00000
Salinivibrio kushneri	1908198	S	38	4	42	0.00000
Shewanella chilikensis	558541	S	2915	9589	12504	0.00078
Shewanella algae	38313	S	7	3	10	0.00000
Shewanella putrefaciens	24	S	3	3	6	0.00000
Shewanella vesiculosa	518738	S	2	0	2	0.00000
Idiomarina loihiensis	135577	S	34	27	61	0.00000
Idiomarina sp. OT37-5b	2100422	S	5	0	5	0.00000
Pseudidiomarina sp. PP-1MA	3237706	S	1	0	1	0.00000
Pseudoalteromonas sp. KG3	2951137	S	2	1	3	0.00000
Pseudoalteromonas piscicida	43662	S	2	0	2	0.00000
Teredinibacter turnerae	2426	S	2850	187	3037	0.00019
Aequoribacter fuscus	2518989	S	30	19	49	0.00000
Microbulbifer sp. SAOS-129_SWC	3145235	S	1	0	1	0.00000
Acinetobacter sp. NEB 394	2743575	S	141	1496	1637	0.00010
Acinetobacter pittii	48296	S	28	119	147	0.00001
Acinetobacter baumannii	470	S	1	51	52	0.00000
Acinetobacter junii	40215	S	20	136	156	0.00001
Acinetobacter johnsonii	40214	S	6	26	32	0.00000
Acinetobacter radioresistens	40216	S	4	12	16	0.00000
Acinetobacter indicus	756892	S	1	1	2	0.00000
Nitrosococcus oceani	1229	S	100	8	108	0.00001
Caldichromatium japonicum	2699430	S	87	10	97	0.00001
Candidatus Thiodictyon syntrophicum	1166950	S	9	0	9	0.00000
Ectothiorhodospira sp. BSL-9	1442136	S	55	36	91	0.00001
Ectothiorhodospira haloalkaliphila	421628	S	1	0	1	0.00000
Acidihalobacter aeolianus	2792603	S	37	21	58	0.00000
Thioalkalivibrio nitratireducens	186931	S	1	2	3	0.00000
Thioalkalivibrio sulfidiphilus	1033854	S	1	2	3	0.00000
Halothiobacillus diazotrophicus	1860122	S	1	0	1	0.00000
Methylophaga marina	45495	S	55	8	63	0.00000
Methylophaga nitratireducenticrescens	754476	S	13	2	15	0.00000
Thiomicrospira microaerophila	406020	S	5	4	9	0.00000
uncultured Gammaproteobacteria bacterium	86473	S	90	262	352	0.00002
Thiohalobacter sp. COW1	2795687	S	3	0	3	0.00000
Acidithiobacillus ferridurans	1232575	S	1102	3129	4231	0.00027
Acidithiobacillus ferrivorans	160808	S	243	20	263	0.00002
Acidithiobacillus ferriphilus	1689834	S	145	9	154	0.00001
Acidithiobacillus ferrooxidans	920	S	7	2	9	0.00000
Acidithiobacillus thiooxidans	930	S	7	0	7	0.00000
Pseudomonadota bacterium	1977087	S	43	15	58	0.00000
uncultured Pseudomonadota bacterium	153809	S	4	8	12	0.00000
Flavobacterium alkalisoli	2602769	S	150153	77289	227442	0.01427
Flavobacterium faecale	1355330	S	148675	557282	705957	0.04429
Flavobacterium sp. ZE23DGlu08	3059026	S	25481	98557	124038	0.00778
Flavobacterium sp. CFS9	3143118	S	4235	64340	68575	0.00430
Flavobacterium sp. YJ01	3031997	S	1581	58785	60366	0.00379
Flavobacterium sp. KACC 22761	3092665	S	1297	9110	10407	0.00065
Flavobacterium sp. KACC 22758	3025667	S	982	83298	84280	0.00529
Flavobacterium sp. CLA17	2724135	S	975	3435	4410	0.00028
Flavobacterium sp. TR2	2977321	S	775	9761	10536	0.00066
Flavobacterium sp. KACC 22763	3025668	S	472	19523	19995	0.00125
Flavobacterium sp. KBS0721	1179672	S	278	1770	2048	0.00013
Flavobacterium sp. GSB-24	2994319	S	65	994	1059	0.00007
Flavobacterium sp. SLB02	2665645	S	58	369	427	0.00003
Flavobacterium sp. N2038	2986829	S	44	279	323	0.00002
Flavobacterium sp. MDT1-60	1979344	S	33	138	171	0.00001
Flavobacterium sp. N1736	2986823	S	32	170	202	0.00001
Flavobacterium sp. N502536	2986837	S	24	270	294	0.00002
Flavobacterium sp. B183	907046	S	5	194	199	0.00001
Flavobacterium sp. LPB0248	2614441	S	2	85	87	0.00001
Flavobacterium anhuiense	459526	S	16844	215783	232627	0.01459
Flavobacterium soyae	2903098	S	12992	118900	131892	0.00827
Flavobacterium johnsoniae	986	S	7345	417798	425143	0.02667
Flavobacterium endoglycinae	2816357	S	6786	36324	43110	0.00270
Flavobacterium pectinovorum	29533	S	1235	8883	10118	0.00063
Flavobacterium ginsengisoli	871694	S	698	13630	14328	0.00090
Flavobacterium crocinum	2183896	S	207	2934	3141	0.00020
Flavobacterium nitrogenifigens	1617283	S	173	7286	7459	0.00047
Flavobacterium gelatinilyticum	3003260	S	167	1437	1604	0.00010
Flavobacterium aquiphilum	3003261	S	156	363	519	0.00003
Flavobacterium panacagri	3034146	S	135	1972	2107	0.00013
Flavobacterium gyeonganense	1310418	S	83	1191	1274	0.00008
Flavobacterium cerinum	2502784	S	78	213	291	0.00002
uncultured Flavobacterium sp.	165435	S	73	1758	1831	0.00011
Flavobacterium humidisoli	2937442	S	61	825	886	0.00006
Flavobacterium ginsenosidimutans	687844	S	36	496	532	0.00003
Flavobacterium bizetiae	2704140	S	33	351	384	0.00002
Flavobacterium luteolum	3003259	S	32	1075	1107	0.00007
Flavobacterium fluviale	2249356	S	14	218	232	0.00001
Flavobacterium ovatum	1928857	S	6	22	28	0.00000
Flavobacterium indicum	312277	S	5	4	9	0.00000
Flavobacterium flavipigmentatum	2893884	S	4	18	22	0.00000
Flavobacterium haoranii	683124	S	3	37	40	0.00000
Flavobacterium galactosidilyticum	2893886	S	1	6	7	0.00000
Flavobacterium flavigenum	3003258	S	1	13	14	0.00000
Flavobacterium columnare	996	S	1	33	34	0.00000
Myroides odoratimimus	76832	S	13	321	334	0.00002
Cloacibacterium caeni	2004710	S	2838	64789	67627	0.00424
Cloacibacterium normanense	237258	S	683	3276	3959	0.00025
Cloacibacterium sp. TD35	2976818	S	391	962	1353	0.00008
Chryseobacterium oryzae	2929799	S	7	891	898	0.00006
Chryseobacterium sp. POL2	2713414	S	1	20	21	0.00000
Elizabethkingia sp. M8	2796140	S	61	213	274	0.00002
Elizabethkingia anophelis	1117645	S	13	179	192	0.00001
Empedobacter brevis	247	S	2	22	24	0.00000
Riemerella anatipestifer	34085	S	1	5	6	0.00000
Leadbetterella byssophila	316068	S	3	20	23	0.00000
Flavisolibacter tropicus	1492898	S	2	0	2	0.00000
Chlorobaculum sp. MV4-Y	2976335	S	6	0	6	0.00000
Chlorobium limicola	1092	S	2	0	2	0.00000
Bacteriovorax stolpii	960	S	1999	247	2246	0.00014
Bacteriovorax sp. HI3	2984118	S	217	30	247	0.00002
Poseidonibacter lekithochrous	1904463	S	699	151	850	0.00005
Desulfovibrio sp. G11	631220	S	15	84	99	0.00001
Nitratidesulfovibrio vulgaris	881	S	3	4	7	0.00000
Syntrophus aciditrophicus	316277	S	38	8	46	0.00000
Syntrophus buswellii	43774	S	28	51	79	0.00000
Desulfuromonas sp. AOP6	1566351	S	1	3	4	0.00000
Geoalkalibacter halelectricus	2847045	S	1	3	4	0.00000
Trichlorobacter ammonificans	2916410	S	1	2	3	0.00000
Desulfococcus multivorans	897	S	7	24	31	0.00000
uncultured Desulfobulbus sp.	239745	S	1	7	8	0.00000
Desulfobulbus oligotrophicus	1909699	S	1	28	29	0.00000
Candidatus Electrothrix scaldis	3082418	S	1	0	1	0.00000
Desulfurispirillum indicum	936456	S	85	39	124	0.00001
Lacipirellula limnantheis	2528024	S	2	44	46	0.00000
Nitrospira sp.	70125	S	24	7	31	0.00000
Candidatus Nitrospira allomarina	3020900	S	2	2	4	0.00000
uncultured Nitrospirae bacterium Rifle_16ft_4_minimus_38035	1665130	S	1	0	1	0.00000
Paeniglutamicibacter sp. Y32M11	2853258	S	9509	7007	16516	0.00104
Glutamicibacter halophytocola	1933880	S	481	528	1009	0.00006
Micrococcus luteus	1270	S	276	4531	4807	0.00030
Pseudarthrobacter phenanthrenivorans	361575	S	48	407	455	0.00003
Arthrobacter sp. NEB 688	904039	S	30	274	304	0.00002
Kocuria marina	223184	S	12	105	117	0.00001
Kocuria sp. BT304	1702043	S	10	326	336	0.00002
Citricoccus muralis	169134	S	5	39	44	0.00000
Arsenicicoccus cauae	2663847	S	5103	14821	19924	0.00125
Arsenicicoccus sp. oral taxon 190	1658671	S	934	4389	5323	0.00033
Phycicoccus jejuensis	367299	S	345	3435	3780	0.00024
Phycicoccus endophyticus	1690220	S	1	2	3	0.00000
Phycicoccus sp. HDW14	2714941	S	1	4	5	0.00000
Janibacter indicus	857417	S	84	785	869	0.00005
Janibacter limosus	53458	S	7	33	40	0.00000
Janibacter terrae	103817	S	1	6	7	0.00000
Nostocoides vanveenii	330835	S	156	54788	54944	0.00345
Nostocoides veronense	330836	S	1	137	138	0.00001
Terrabacter sp. DBF63	150395	S	43	18969	19012	0.00119
Terrabacter sp. C0L_2	3108389	S	38	122	160	0.00001
Knoellia locipacati	882824	S	42	101	143	0.00001
Oryzobacter terrae	1620385	S	52	226	278	0.00002
Pedococcus dokdonensis	443156	S	20	54	74	0.00000
Humibacillus xanthopallidus	412689	S	4	10	14	0.00000
Intrasporangium calvum	53358	S	1	2	3	0.00000
Austwickia sp.	1872664	S	7854	27091	34945	0.00219
Austwickia chelonae	100225	S	545	289	834	0.00005
Agrococcus sp. SCSIO52902	2933290	S	3215	12629	15844	0.00099
Agrococcus carbonis	684552	S	237	1196	1433	0.00009
Microbacterium sp. No. 7	1714373	S	580	3697	4277	0.00027
Microbacterium sp. PM5	2014534	S	294	414	708	0.00004
Microbacterium sp. 10M-3C3	2483401	S	1	3	4	0.00000
Microbacterium proteolyticum	1572644	S	22	153	175	0.00001
Microbacterium protaetiae	2509458	S	7	30	37	0.00000
Microbacterium maritypicum	33918	S	6	184	190	0.00001
Microbacterium schleiferi	69362	S	1	13	14	0.00000
Pseudoclavibacter triregionum	2820673	S	186	1963	2149	0.00013
Homoserinibacter sp. YIM 151385	2985506	S	102	117	219	0.00001
Humibacter ginsenosidimutans	2599293	S	32	135	167	0.00001
Cryobacterium sp. PAMC25264	2861288	S	6	2	8	0.00000
Microcella sp.	1913979	S	3	7	10	0.00000
Brevibacterium casei	33889	S	2130	21332	23462	0.00147
Brevibacterium sp. CS2	2575923	S	273	3330	3603	0.00023
Serinicoccus profundi	1078471	S	590	1907	2497	0.00016
Ornithinimicrobium sufpigmenti	2508882	S	153	447	600	0.00004
Ornithinimicrobium flavum	1288636	S	18	52	70	0.00000
Ornithinimicrobium faecis	2934158	S	17	18	35	0.00000
Ornithinimicrobium sp. INDO-MA30-4	2908651	S	10	29	39	0.00000
Ornithinimicrobium cryptoxanthini	2934161	S	4	3	7	0.00000
Ornithinimicrobium ciconiae	2594265	S	2	2	4	0.00000
Ornithinimicrobium avium	2283195	S	1	1	2	0.00000
Pseudactinotalea sp. HY158	2654547	S	516	490	1006	0.00006
Cellulomonas gilvus	11	S	109	630	739	0.00005
Cellulomonas sp. PSBB021	2003551	S	29	333	362	0.00002
Dermacoccus nishinomiyaensis	1274	S	196	1002	1198	0.00008
Dermacoccus abyssi	322596	S	65	169	234	0.00001
Yimella sp. cx-51	2770551	S	55	61	116	0.00001
Brachybacterium huguangmaarense	1652028	S	78	675	753	0.00005
Kytococcus sedentarius	1276	S	49	262	311	0.00002
Georgenia sp. M64	3120520	S	48	278	326	0.00002
Demequina capsici	3075620	S	41	34	75	0.00000
Demequina sediminis	1930058	S	1	5	6	0.00000
Ruania zhangjianzhongii	2603206	S	9	11	20	0.00000
Kineosporiaceae bacterium SCSIO 59966	2730919	S	18580	90503	109083	0.00684
Mycobacterium tuberculosis	1773	S	2	7685	7687	0.00048
Mycolicibacterium smegmatis	1772	S	3799	2021	5820	0.00037
Gordonia bronchialis	2054	S	70	90	160	0.00001
Gordonia hongkongensis	1701090	S	4	14	18	0.00000
Rhodococcus pyridinivorans	103816	S	14	105	119	0.00001
Corynebacterium doosanense	1121358	S	15	138	153	0.00001
Corynebacterium resistens	258224	S	1	9	10	0.00000
Corynebacterium sp. Z-1	3074378	S	1	51	52	0.00000
Brooklawnia propionicigenes	3041175	S	2079	16787	18866	0.00118
Cutibacterium acnes	1747	S	1048	2355	3403	0.00021
Naumannella halotolerans	993414	S	539	3046	3585	0.00022
Tessaracoccus flavescens	399497	S	63	427	490	0.00003
Tessaracoccus lacteus	3041766	S	11	130	141	0.00001
Tessaracoccus defluvii	1285901	S	10	52	62	0.00000
Tessaracoccus flavus	1610493	S	5	14	19	0.00000
Acidipropionibacterium acidipropionici	1748	S	102	807	909	0.00006
Propioniciclava coleopterorum	2714937	S	56	899	955	0.00006
Propioniciclava soli	2775081	S	29	383	412	0.00003
Propioniciclava sp. MC1595	2760308	S	3	39	42	0.00000
Raineyella sp. W15-4	3081651	S	57	383	440	0.00003
Propionibacteriaceae bacterium ZF39	3138240	S	33	565	598	0.00004
Microlunatus phosphovorus	29405	S	26	60	86	0.00001
Propionibacterium freudenreichii	1744	S	25	289	314	0.00002
Solicola gregarius	2908642	S	65	103	168	0.00001
Nocardioides sp. HDW12B	2714939	S	12	59	71	0.00000
Nocardioides sp. W7	2931390	S	3	14	17	0.00000
Nocardioides sp. QY071	3044187	S	2	13	15	0.00000
Nocardioides humi	449461	S	4	26	30	0.00000
Micropruina glycogenica	75385	S	9	81	90	0.00001
Pimelobacter simplex	2045	S	3	29	32	0.00000
Streptomyces sp. NBC_00289	2975703	S	4	85	89	0.00001
Streptomyces sp. NBC_01197	2903768	S	1	153	154	0.00001
Streptomyces virginiae	1961	S	5	751	756	0.00005
Streptomyces cyaneogriseus	68192	S	1	132	133	0.00001
uncultured Actinomycetes bacterium	152507	S	246	5279	5525	0.00035
Thermobifida fusca	2021	S	13	31	44	0.00000
uncultured Streptosporangium sp.	668992	S	1	154	155	0.00001
uncultured Solirubrobacterales bacterium	768556	S	838	19604	20442	0.00128
Conexibacter woesei	191495	S	1	14	15	0.00000
Paraconexibacter antarcticus	2949664	S	1	7	8	0.00000
Raoultibacter timonensis	1907662	S	1	6	7	0.00000
Staphylococcus aureus	1280	S	12020	69705	81725	0.00513
Staphylococcus capitis	29388	S	543	347	890	0.00006
Staphylococcus epidermidis	1282	S	335	280	615	0.00004
Staphylococcus haemolyticus	1283	S	155	60	215	0.00001
Paenibacillus sp. FSL R7-0345	2954535	S	11067	30954	42021	0.00264
Paenibacillus sp. FSL R7-0273	1536772	S	1461	4248	5709	0.00036
Paenibacillus sp. FSL R7-0331	1536773	S	184	486	670	0.00004
Paenibacillus sp. MMS20-IR301	2895946	S	3	5	8	0.00000
Tetragenococcus halophilus	51669	S	8525	11520	20045	0.00126
Lactococcus petauri	1940789	S	1788	14233	16021	0.00101
Lactococcus formosensis	1281486	S	35	11	46	0.00000
Lactococcus garvieae	1363	S	9	9	18	0.00000
Mesomycoplasma hyorhinis	2100	S	31	153	184	0.00001
Oscillatoria sp. CCAP 1459/26	272127	S	4	13	17	0.00000
uncultured bacterium	77133	S	49930	810431	860361	0.05398
uncultured bacterium GWB1_scaffold_7903	1781335	S	149	0	149	0.00001
uncultured denitrifying bacterium	206937	S	135	187	322	0.00002
uncultured nitrite-oxidizing bacterium	568781	S	21	491	512	0.00003
uncultured sulfur-oxidizing bacterium	577601	S	3	0	3	0.00000
Candidatus Moraniibacteriota bacterium	2045217	S	815	6060	6875	0.00043
Fusobacterium polymorphum	76857	S	1924	1689	3613	0.00023
bacterium	1869227	S	2800	10650	13450	0.00084
bacterium symbiont of Plakortis halichondrioides	1576821	S	6	0	6	0.00000
Thermus thermophilus	274	S	537	637	1174	0.00007
Homo sapiens	9606	S	131148	328394	459542	0.02883
Pan troglodytes	9598	S	226	336	562	0.00004
Pan paniscus	9597	S	2	7	9	0.00000
Gorilla gorilla	9593	S	12	18	30	0.00000
Pongo abelii	9601	S	20	16	36	0.00000
Pongo pygmaeus	9600	S	1	2	3	0.00000
Symphalangus syndactylus	9590	S	5	3	8	0.00000
Nomascus leucogenys	61853	S	1	0	1	0.00000
Macaca fascicularis	9541	S	3	6	9	0.00000
Macaca mulatta	9544	S	3	2	5	0.00000
Callithrix jacchus	9483	S	1	1	2	0.00000
Mus musculus	10090	S	5181	668	5849	0.00037
Phocoena phocoena	9742	S	1	1950	1951	0.00012
Gallus gallus	9031	S	76176	3638	79814	0.00501
Meleagris gallopavo	9103	S	127	1	128	0.00001
Apteryx mantelli	2696672	S	593	0	593	0.00004
Danio rerio	7955	S	14	1	15	0.00000
Oppiella nova	334625	S	233	141	374	0.00002
Aedes aegypti	7159	S	203	54	257	0.00002
Timema monikensis	170555	S	2	1	3	0.00000
Cyprideis torosa	163714	S	14	0	14	0.00000
Diploscapter coronatus	288516	S	71	447	518	0.00003
Diploscapter lycostoma	367193	S	12	0	12	0.00000
Priapulus caudatus	37621	S	4	0	4	0.00000
Spirometra erinaceieuropaei	99802	S	53	0	53	0.00000
Haliotis rufescens	6454	S	11	0	11	0.00000
Wolfiporia cocos	81056	S	970	596	1566	0.00010
Taiwanofungus camphoratus	2696576	S	5	42	47	0.00000
Antrodia cinnamomea	279009	S	5	16	21	0.00000
Alternaria tenuissima	119927	S	86	4351	4437	0.00028
Alternaria alternata	5599	S	8	18	26	0.00000
Circaeaster agrestis	39288	S	121951	51073	173024	0.01086
Aquilegia yabeana	560554	S	1	34	35	0.00000
Oryza sativa	4530	S	146	7500	7646	0.00048
Triticum aestivum	4565	S	19	4	23	0.00000
Elaeis guineensis	51953	S	2	0	2	0.00000
Dioscorea cayenensis	29710	S	7	0	7	0.00000
Linum usitatissimum	4006	S	813	735	1548	0.00010
Linum pallescens	586388	S	1	5	6	0.00000
Ziziphus jujuba	326968	S	1	0	1	0.00000
Cucurbita pepo	3663	S	25	61	86	0.00001
Geranium maderense	28964	S	1	2	3	0.00000
Solanum tuberosum	4113	S	1	28	29	0.00000
Phyllonoma laticuspis	23086	S	1	14	15	0.00000
Paramecium tetraurelia	5888	S	23301	153	23454	0.00147
Paramecium caudatum	5885	S	182	566	748	0.00005
Paramecium biaurelia	65126	S	44	197	241	0.00002
Paramecium primaurelia	5886	S	36	85	121	0.00001
Paramecium sexaurelia	65128	S	32	66	98	0.00001
Paramecium bursaria	74790	S	8	81	89	0.00001
Paramecium octaurelia	43137	S	2	2	4	0.00000
Paramecium aurelia	5889	S	2	2	4	0.00000
Paramecium multimicronucleatum	44030	S	1	12	13	0.00000
Paramecium sonneborni	65129	S	1	0	1	0.00000
Collozoum pelagicum	103348	S	8	34	42	0.00000
Collozoum amoeboides	1041365	S	2	11	13	0.00000
Naegleria fowleri	5763	S	511	16	527	0.00003
Candidatus Methanophagaceae archaeon ANME-1 ERB6	2759912	S	1	0	1	0.00000
Tequatrovirus T4	10665	S	29573	212512	242085	0.01519
Escherichia phage vB_EcoM_SYGD1	2829845	S	1	10	11	0.00000
Escherichia phage vB_EcoM_G2540-3	2502304	S	1	24	25	0.00000
Tequatrovirus gizh	2844126	S	2	0	2	0.00000
Tequatrovirus ecomime340	2844128	S	1	0	1	0.00000
Tequatrovirus ime09	1914200	S	1	15	16	0.00000
Tequatrovirus ecomnbg2	2844214	S	1	17	18	0.00000
Tequatrovirus sf23	2846205	S	1	25	26	0.00000
Tequatrovirus ecnp1	2844191	S	1	8	9	0.00000
Caudoviricetes sp.	2832643	S	580	194	774	0.00005
Halomonas phage QHHSV-1	1913108	S	3	0	3	0.00000
Skatevirus LPST10	2956458	S	2	437	439	0.00003
Sanya tombus-like virus 1	2905484	S	31	0	31	0.00000
Acanthamoeba castellanii medusavirus	2080449	S	4	0	4	0.00000
Prokaryotic dsDNA virus sp.	2591644	S	3	0	3	0.00000
Sinsheimervirus phiX174	10847	S	4	42	46	0.00000
uncultured prokaryote	198431	S	713	1981	2694	0.00017
uncultured microorganism	358574	S	44	86	130	0.00001
uncultured organism	155900	S	27	203	230	0.00001
eukaryotic synthetic construct	111789	S	4	1233	1237	0.00008
synthetic construct	32630	S	2	26	28	0.00000
Sym plasmid	28430	S	1	20	21	0.00000
