name	taxonomy_id	taxonomy_lvl	kraken_assigned_reads	added_reads	new_est_reads	fraction_total_reads
Pseudomonas	3723	G	235898	81285	317183	0.55537
Thiopseudomonas	14683	G	1	0	1	0.00000
Acinetobacter	3711	G	25	8	33	0.00006
Dechloromonas	46411	G	15561	13116	28677	0.05021
Thauera	46425	G	3065	2418	5483	0.00960
Candidatus_Accumulibacter	46409	G	1584	1025	2609	0.00457
Azoarcus	46404	G	888	333	1221	0.00214
Propionivibrio	46419	G	744	264	1008	0.00176
Zoogloea	46428	G	341	241	582	0.00102
uncultured	46429	G	212	111	323	0.00057
Azonexus	46405	G	13	4	17	0.00003
Denitratisoma	46413	G	8	2	10	0.00002
Ferribacterium	46415	G	6	9	15	0.00003
C39	46408	G	6	1	7	0.00001
Uliginosibacterium	46426	G	5	0	5	0.00001
Methyloversatilis	46417	G	5	1	6	0.00001
Rhodocyclus	46421	G	4	1	5	0.00001
Dechlorobacter	46410	G	4	2	6	0.00001
Z-35	46427	G	3	1	4	0.00001
Quatrionicoccus	46420	G	2	0	2	0.00000
Sulfuritalea	46424	G	2	0	2	0.00000
Denitromonas	46414	G	2	0	2	0.00000
Azospira	46406	G	2	1	3	0.00001
Dechlorosoma	46412	G	1	1	2	0.00000
Azovibrio	46407	G	1	0	1	0.00000
Bordetella	46194	G	6269	21994	28263	0.04949
Candidatus_Kinetoplastibacterium	46195	G	1695	172	1867	0.00327
Alcaligenes	46192	G	11	0	11	0.00002
Advenella	46191	G	7	2	9	0.00002
Achromobacter	46190	G	7	2	9	0.00002
Ampullimonas	46193	G	1	0	1	0.00000
Castellaniella	46197	G	1	0	1	0.00000
Neisseria	46354	G	6482	683	7165	0.01255
uncultured	46360	G	16	0	16	0.00003
Alysiella	46349	G	1	0	1	0.00000
Kingella	46353	G	1	0	1	0.00000
GOUTA6	46365	G	894	267	1161	0.00203
Nitrosomonas	46368	G	864	59	923	0.00162
Nitrosospira	46369	G	8	4	12	0.00002
IS-44	46366	G	7	2	9	0.00002
MND1	46367	G	6	0	6	0.00001
Ellin6067	46364	G	4	0	4	0.00001
mle1-7	46372	G	3	0	3	0.00001
966-1	46362	G	1	0	1	0.00000
uncultured	46374	G	1	0	1	0.00000
Caenimonas	46266	G	299	230	529	0.00093
Delftia	46272	G	128	44	172	0.00030
Comamonas	46269	G	13	5	18	0.00003
uncultured	46315	G	6	3	9	0.00002
Rhodoferax	46298	G	6	4	10	0.00002
Diaphorobacter	46273	G	6	2	8	0.00001
Curvibacter	46271	G	6	3	9	0.00002
Aquabacterium	46262	G	6	1	7	0.00001
Hydrogenophaga	46276	G	5	3	8	0.00001
Candidatus_Symbiobacter	46268	G	4	5	9	0.00002
Rhizobacter	46297	G	4	2	6	0.00001
Acidovorax	46260	G	4	2	6	0.00001
Simplicispira	46303	G	3	2	5	0.00001
Variovorax	46309	G	3	2	5	0.00001
Rivibacter	46299	G	2	0	2	0.00000
Sphaerotilus	46304	G	1	0	1	0.00000
Verminephrobacter	46310	G	1	0	1	0.00000
Ottowia	46288	G	1	0	1	0.00000
Ramlibacter	46296	G	1	0	1	0.00000
Pseudorhodoferax	46294	G	1	0	1	0.00000
Polaromonas	46292	G	1	0	1	0.00000
Piscinibacter	46291	G	1	1	2	0.00000
Malikia	46285	G	1	1	2	0.00000
Limnohabitans	46283	G	1	0	1	0.00000
Brachymonas	46265	G	1	0	1	0.00000
Burkholderia-Caballeronia-Paraburkholderia	46221	G	53	19	72	0.00013
Lautropia	46225	G	5	0	5	0.00001
Cupriavidus	46224	G	4	1	5	0.00001
Limnobacter	46226	G	3	0	3	0.00001
Pandoraea	46228	G	2	1	3	0.00001
Ralstonia	46230	G	2	0	2	0.00000
Massilia	46388	G	26	13	39	0.00007
Undibacterium	46397	G	1	0	1	0.00000
Telluria	46396	G	1	0	1	0.00000
Herbaspirillum	46385	G	1	0	1	0.00000
Oxalobacter	46391	G	1	0	1	0.00000
uncultured	46333	G	14	2	16	0.00003
Thiobacillus	46331	G	5	1	6	0.00001
MM2	46340	G	3	1	4	0.00001
uncultured	46347	G	3	0	3	0.00001
Methylotenera	46343	G	2	0	2	0.00000
Aquitalea	46252	G	3	0	3	0.00001
Paludibacterium	46256	G	3	0	3	0.00001
Chromobacterium	46253	G	1	0	1	0.00000
Sideroxydans	46323	G	4	2	6	0.00001
Ferriphaselus	46321	G	1	0	1	0.00000
Gallionella	46322	G	1	0	1	0.00000
AAP99	46437	G	2	0	2	0.00000
uncultured	46440	G	2	0	2	0.00000
Sulfuriferula	46434	G	3	0	3	0.00001
Chitinivorax	46250	G	2	0	2	0.00000
Ferrovum	46318	G	2	0	2	0.00000
Klebsiella	46465	G	17274	26110	43384	0.07596
Escherichia-Shigella	46463	G	181	401	582	0.00102
Serratia	46541	G	1245	1388	2633	0.00461
Arsenophonus	46494	G	1169	25	1194	0.00209
Candidatus_Competibacter	26609	G	5437	1097	6534	0.01144
Candidatus_Contendobacter	26610	G	1	0	1	0.00000
Halomonas	3616	G	2812	1492	4304	0.00754
Carnimonas	3613	G	3	0	3	0.00001
Chromohalobacter	3614	G	3	4	7	0.00001
Terasakiispira	26760	G	1	0	1	0.00000
Cobetia	3615	G	1	0	1	0.00000
Halovibrio	3618	G	1	8	9	0.00002
Modicisalibacter	3620	G	1	1	2	0.00000
Aidingimonas	3611	G	1	0	1	0.00000
Salinicola	3622	G	1	0	1	0.00000
uncultured	3624	G	1	2	3	0.00001
Endozoicomonas	26752	G	2	0	2	0.00000
Kangiella	26763	G	1	0	1	0.00000
Marinomonas	26767	G	1	0	1	0.00000
Pseudohongiella	26782	G	1	0	1	0.00000
Alcanivorax	46574	G	1	0	1	0.00000
OM60(NOR5) clade	11534	G	766	126	892	0.00156
Aestuariicella	14623	G	1	0	1	0.00000
Psychromonas	3398	G	46	1	47	0.00008
Marinobacter	26314	G	4	0	4	0.00001
Pseudoalteromonas	3394	G	1	0	1	0.00000
Xanthomonas	3822	G	29	8	37	0.00006
Stenotrophomonas	3818	G	3	0	3	0.00001
Lysobacter	3809	G	1	0	1	0.00000
Silanimonas	3817	G	1	0	1	0.00000
Dyella	26869	G	1	0	1	0.00000
uncultured	26736	G	33	7	40	0.00007
Cm1-21	26742	G	1	0	1	0.00000
Francisella	26657	G	4	0	4	0.00001
uncultured	14661	G	3	0	3	0.00001
Methylomicrobium	46561	G	2	0	2	0.00000
Methylocaldum	3573	G	1	0	1	0.00000
uncultured	3414	G	2	0	2	0.00000
Cardiobacterium	3411	G	1	0	1	0.00000
Haemophilus	3698	G	2	0	2	0.00000
SUP05 cluster	26850	G	1	0	1	0.00000
Legionella	3560	G	2	0	2	0.00000
Thiorhodovibrio	3439	G	1	0	1	0.00000
Allochromatium	3417	G	1	0	1	0.00000
Aeromonas	3318	G	1	0	1	0.00000
Succinivibrio	3331	G	1	0	1	0.00000
Thioalkalivibrio	26632	G	1	0	1	0.00000
Vibrio	3783	G	1	0	1	0.00000
Thiothrix	3769	G	1	0	1	0.00000
Novosphingobium	2846	G	1301	3161	4462	0.00781
Sphingomonas	2852	G	45	71	116	0.00020
Sphingobium	2850	G	14	28	42	0.00007
Sphingopyxis	2853	G	13	32	45	0.00008
uncultured	2858	G	5	14	19	0.00003
Altererythrobacter	26240	G	4	13	17	0.00003
Blastomonas	2845	G	3	7	10	0.00002
Erythrobacter	26245	G	3	11	14	0.00002
Ellin6055	26244	G	2	6	8	0.00001
Zymomonas	2857	G	2	0	2	0.00000
Sphingosinicella	2855	G	1	1	2	0.00000
Parablastomonas	14558	G	1	6	7	0.00001
Sphingorhabdus	2854	G	1	1	2	0.00000
Porphyrobacter	26248	G	1	5	6	0.00001
SD04E11	26250	G	1	2	3	0.00001
Bradyrhizobium	26151	G	3	13	16	0.00003
Microvirga	26048	G	2	0	2	0.00000
Methylobacterium-Methylorubrum	46157	G	1	0	1	0.00000
Pseudovibrio	26140	G	1	0	1	0.00000
Candidatus_Liberibacter	26099	G	1	0	1	0.00000
Holospora	25991	G	23	0	23	0.00004
Paracoccus	2607	G	1	1	2	0.00000
Roseobacter clade NAC11-7 lineage	2638	G	1	0	1	0.00000
Parvibaculum	26022	G	1	0	1	0.00000
Candidatus_Alysiosphaera	26264	G	1	0	1	0.00000
uncultured	25937	G	1	0	1	0.00000
Azospirillum	25948	G	1	0	1	0.00000
Myroides	44258	G	37064	9653	46717	0.08180
Flavobacterium	44221	G	18813	5820	24633	0.04313
NS5 marine group	44262	G	5252	1913	7165	0.01255
Aquimarina	44194	G	13	5	18	0.00003
uncultured	44304	G	12	3	15	0.00003
Formosa	44222	G	11	13	24	0.00004
Polaribacter	44268	G	9	11	20	0.00004
Capnocytophaga	44204	G	8	0	8	0.00001
Actibacter	44184	G	7	2	9	0.00002
Pseudofulvibacter	44271	G	7	1	8	0.00001
Maritimimonas	44251	G	6	1	7	0.00001
Sediminibacter	44279	G	5	1	6	0.00001
NS4 marine group	44261	G	5	3	8	0.00001
Aestuariibaculum	44186	G	5	1	6	0.00001
Aquibacter	44193	G	4	3	7	0.00001
Kordia	44241	G	4	0	4	0.00001
Psychroserpens	44274	G	3	2	5	0.00001
Antarcticibacterium	44191	G	3	1	4	0.00001
Planktosalinus	44267	G	3	1	4	0.00001
Tenacibaculum	44294	G	3	1	4	0.00001
Salinimicrobium	44278	G	2	0	2	0.00000
Pibocella	44266	G	2	1	3	0.00001
Subsaximicrobium	44291	G	2	0	2	0.00000
Ulvibacter	44295	G	2	1	3	0.00001
Aequorivita	44185	G	2	0	2	0.00000
Salegentibacter	44277	G	1	0	1	0.00000
Vitellibacter	44296	G	1	0	1	0.00000
Flavirhabdus	44219	G	1	1	2	0.00000
Chryseobacterium	44317	G	8	2	10	0.00002
NS10 marine group	44178	G	7	2	9	0.00002
Fluviicola	44170	G	4	1	5	0.00001
Brumimicrobium	44168	G	1	0	1	0.00000
uncultured	44166	G	1	0	1	0.00000
Odoribacter	43909	G	475	15	490	0.00086
uncultured	43911	G	1	0	1	0.00000
Bacteroides	43874	G	25	2	27	0.00005
Alistipes	43965	G	4	0	4	0.00001
Rikenellaceae RC9 gut group	43972	G	3	0	3	0.00001
Prevotella	43943	G	5	0	5	0.00001
Alloprevotella	43941	G	1	0	1	0.00000
uncultured	43925	G	3	0	3	0.00001
uncultured	43984	G	1	0	1	0.00000
Lentimicrobium	44341	G	9	4	13	0.00002
Pedobacter	44355	G	5	1	6	0.00001
Vibrionimonas	44042	G	3	0	3	0.00001
Ferruginibacter	44015	G	2	0	2	0.00000
Mycoplasma	45267	G	5577	112	5689	0.00996
Streptococcus	1853	G	5117	4203	9320	0.01632
Lactobacillus	1837	G	26	8	34	0.00006
Enterococcus	1831	G	15	10	25	0.00004
Oenococcus	1842	G	2	0	2	0.00000
Weissella	1843	G	1	0	1	0.00000
Vagococcus	45262	G	1	0	1	0.00000
Staphylococcus	45295	G	56	455	511	0.00089
Bacillus	1688	G	17	58	75	0.00013
Anoxybacillus	1686	G	4	2	6	0.00001
Ureibacillus	1726	G	1	0	1	0.00000
Geobacillus	1696	G	1	1	2	0.00000
Turicibacter	45234	G	25	16	41	0.00007
Paenibacillus	45277	G	18	3	21	0.00004
Negativibacillus	45548	G	32	30	62	0.00011
uncultured	45535	G	5	4	9	0.00002
UCG-003	45531	G	1	1	2	0.00000
UCG-005	45532	G	1	0	1	0.00000
Christensenellaceae R-7 group	45329	G	269	45	314	0.00055
Lachnospiraceae XPB1014 group	45465	G	1	0	1	0.00000
Blautia	45422	G	1	0	1	0.00000
Veillonella	45786	G	2	0	2	0.00000
Succiniclasticum	45749	G	1	0	1	0.00000
Leptolyngbya VRUC 135	44793	G	10	8	18	0.00003
Prochlorococcus MIT9313	44830	G	4	1	5	0.00001
Synechocystis PCC-6803	44633	G	1	0	1	0.00000
Vampirovibrio	44862	G	3	0	3	0.00001
Endomicrobium	45106	G	7437	49	7486	0.01311
Tetrasphaera	43486	G	65	41	106	0.00019
Arthrobacter	43556	G	1	0	1	0.00000
Thermus	44896	G	541	6	547	0.00096
Bacteriovorax	44434	G	27	5	32	0.00006
uncultured	25158	G	1	0	1	0.00000
Haliangium	45937	G	2	15	17	0.00003
Campylobacter	44491	G	1	0	1	0.00000
Verruc-01	46809	G	1	0	1	0.00000
Callorhinchus	47065	G	1	2320	2321	0.00406
Craterocolla	49317	G	91	367	458	0.00080
Taiwanofungus	49233	G	78	602	680	0.00119
Clavulicium	49147	G	10	33	43	0.00008
Trichosporon	49417	G	11	116	127	0.00022
Neoascochyta	47827	G	11	114	125	0.00022
Alternaria	47877	G	18	159	177	0.00031
Talaromyces	47987	G	56	589	645	0.00113
Blastomyces	48001	G	8	93	101	0.00018
Gymnoascus	48024	G	1	4	5	0.00001
Pycnora	48269	G	18	79	97	0.00017
Xylobotryum	48777	G	8	4	12	0.00002
Mortierella	49728	G	5	108	113	0.00020
Balamuthia	46891	G	1	1	2	0.00000
Paramecium	8927	G	149	73	222	0.00039
Collozoum	9596	G	2	41	43	0.00008
Blastocystis	13813	G	7	6	13	0.00002
