name	taxonomy_id	taxonomy_lvl	kraken_assigned_reads	added_reads	new_est_reads	fraction_total_reads
Delftia	80865	G	172298	418062	590360	0.28673
Polaromonas	52972	G	46	14	60	0.00003
Hydrogenophaga	47420	G	30	69	99	0.00005
Ottowia	219181	G	3	1	4	0.00000
Diaphorobacter	238749	G	2	432	434	0.00021
Bordetella	517	G	173	1123	1296	0.00063
Neopusillimonas	2987605	G	1	2	3	0.00000
Thauera	33057	G	61353	130406	191759	0.09313
Azoarcus	12960	G	285	253	538	0.00026
Pseudazoarcus	2891323	G	58	42	100	0.00005
Parazoarcus	2891322	G	24	83	107	0.00005
Aromatoleum	551759	G	1340	1843	3183	0.00155
Azospira	146937	G	42	348	390	0.00019
Dechloromonas	73029	G	46	5	51	0.00002
Ferribacterium	88875	G	42	19	61	0.00003
Nitrosomonas	914	G	4883	5935	10818	0.00525
Sterolibacterium	157591	G	41	70	111	0.00005
Candidatus_Accumulibacter	327159	G	9	250	259	0.00013
Novosphingobium	165696	G	10861	32395	43256	0.02101
Sphingobium	165695	G	2657	12905	15562	0.00756
Sphingomonas	13687	G	2628	1810	4438	0.00216
Sphingopyxis	165697	G	346	1698	2044	0.00099
Tardibacter	2685927	G	75	775	850	0.00041
Rhizorhabdus	1649486	G	1	6	7	0.00000
Croceicoccus	1295327	G	286	1606	1892	0.00092
Porphyrobacter	1111	G	28	129	157	0.00008
Aurantiacibacter	2800681	G	16	20	36	0.00002
Qipengyuania	1855416	G	11	96	107	0.00005
Nitrobacter	911	G	15065	15769	30834	0.01498
Bradyrhizobium	374	G	75	0	75	0.00004
Ochrobactrum	528	G	3	199	202	0.00010
Caulobacter	75	G	41	82	123	0.00006
Brevundimonas	41275	G	1	42	43	0.00002
Acetobacter	434	G	1	0	1	0.00000
Pseudomonas	286	G	8108	18062	26170	0.01271
Ectopseudomonas	3236654	G	95	1328	1423	0.00069
Marinobacter	2742	G	11	173	184	0.00009
Stenotrophomonas	40323	G	3459	2671	6130	0.00298
Halomonas	2745	G	1788	6617	8405	0.00408
Vreelandella	3137766	G	19	37	56	0.00003
Alloalcanivorax	3020832	G	3	5	8	0.00000
Klebsiella	570	G	12	0	12	0.00001
Morganella	581	G	3	268	271	0.00013
Aeromonas	642	G	569	8150	8719	0.00423
Vibrio	662	G	202	518	720	0.00035
Acinetobacter	469	G	176	0	176	0.00009
Flavobacterium	237	G	61639	29820	91459	0.04442
Cloacibacterium	501783	G	16	2565	2581	0.00125
Bacteriovorax	146784	G	126	3	129	0.00006
Tetragenococcus	51668	G	4687	14531	19218	0.00933
Lactococcus	1357	G	3578	6561	10139	0.00492
Staphylococcus	1279	G	5615	0	5615	0.00273
Paenibacillus	44249	G	100	0	100	0.00005
Mycobacterium	1763	G	2176	760615	762791	0.37048
Microbacterium	33882	G	26	106	132	0.00006
Brevibacterium	1696	G	37	420	457	0.00022
Serinicoccus	265976	G	9	29	38	0.00002
Dermacoccus	57495	G	7	49	56	0.00003
Cutibacterium	1912216	G	3	5	8	0.00000
Thermus	270	G	350	38	388	0.00019
Homo	9605	G	6462	167347	173809	0.08442
Mus	10088	G	207	220	427	0.00021
Gallus	9030	G	218	57	275	0.00013
Apteryx	8821	G	10	0	10	0.00000
Wolfiporia	81055	G	55	324	379	0.00018
Circaeaster	39162	G	2262	34649	36911	0.01793
Linum	4005	G	7	0	7	0.00000
Paramecium	5884	G	1485	335	1820	0.00088
Tequatrovirus	10663	G	624	0	624	0.00030
