name	taxonomy_id	taxonomy_lvl	kraken_assigned_reads	added_reads	new_est_reads	fraction_total_reads
Pseudomonas	3723	G	116094	157628	273722	0.96803
Dechloromonas	46411	G	863	1546	2409	0.00852
Halomonas	3616	G	12	15	27	0.00010
Candidatus_Competibacter	26609	G	5	38	43	0.00015
Klebsiella	46465	G	26	153	179	0.00063
Xanthomonas	3822	G	1	1	2	0.00001
Myroides	44258	G	392	531	923	0.00326
Flavobacterium	44221	G	6	15	21	0.00007
Odoribacter	43909	G	247	105	352	0.00124
Thermus	44896	G	541	41	582	0.00206
Mycoplasma	45267	G	102	3	105	0.00037
Streptococcus	1853	G	2	508	510	0.00180
Christensenellaceae R-7 group	45329	G	36	10	46	0.00016
Talaromyces	47987	G	8	3549	3557	0.01258
Paramecium	8927	G	10	268	278	0.00098
