name	taxonomy_id	taxonomy_lvl	kraken_assigned_reads	added_reads	new_est_reads	fraction_total_reads
Delftia	80865	G	1302642	618011	1920653	0.23763
Hydrogenophaga	47420	G	3177	1269	4446	0.00055
Polaromonas	52972	G	2980	646	3626	0.00045
Diaphorobacter	238749	G	557	21911	22468	0.00278
Ottowia	219181	G	404	55	459	0.00006
Comamonas	283	G	194	322	516	0.00006
Variovorax	34072	G	83	7	90	0.00001
Melaminivora	1649468	G	68	47	115	0.00001
Acidovorax	12916	G	33	3	36	0.00000
Pulveribacter	2678886	G	2	0	2	0.00000
Paracidovorax	3051137	G	1	5	6	0.00000
Bordetella	517	G	3471	6567	10038	0.00124
Neopusillimonas	2987605	G	231	466	697	0.00009
Achromobacter	222	G	115	174	289	0.00004
Alcaligenes	507	G	93	10931	11024	0.00136
Orrella	1921582	G	93	45	138	0.00002
Oligella	90243	G	1	0	1	0.00000
Cupriavidus	106589	G	477	729	1206	0.00015
Ralstonia	48736	G	14	55	69	0.00001
Pandoraea	93217	G	10	0	10	0.00000
Burkholderia	32008	G	1	0	1	0.00000
Massilia	149698	G	28	0	28	0.00000
Ideonella	36862	G	20	8	28	0.00000
Methylibium	316612	G	9	7	16	0.00000
Thauera	33057	G	837604	678833	1516437	0.18762
Azoarcus	12960	G	9221	6190	15411	0.00191
Pseudazoarcus	2891323	G	5767	1916	7683	0.00095
Parazoarcus	2891322	G	1577	1576	3153	0.00039
Zoogloea	349	G	871	1498	2369	0.00029
Pseudothauera	2891324	G	11	812	823	0.00010
Dechloromonas	73029	G	14290	6280	20570	0.00255
Ferribacterium	88875	G	1574	1285	2859	0.00035
Azonexus	146936	G	64	97	161	0.00002
Quatrionicoccus	138117	G	2	2	4	0.00000
Aromatoleum	551759	G	14708	6161	20869	0.00258
Azospira	146937	G	1261	7058	8319	0.00103
Nitrosomonas	914	G	49735	142246	191981	0.02375
Sterolibacterium	157591	G	4963	2385	7348	0.00091
Denitratisoma	311181	G	33	44	77	0.00001
Candidatus_Nitricoxidivorans	3071076	G	7	1	8	0.00000
Methylobacillus	404	G	12	12	24	0.00000
Thiobacillus	919	G	7	4	11	0.00000
Candidatus_Accumulibacter	327159	G	2258	29029	31287	0.00387
Nitrobacter	911	G	436658	136633	573291	0.07093
Bradyrhizobium	374	G	5649	1	5650	0.00070
Afipia	1033	G	6	43	49	0.00001
Tardiphaga	1395974	G	1	0	1	0.00000
Methylobacterium	407	G	48	0	48	0.00001
Ochrobactrum	528	G	606	8227	8833	0.00109
Brucella	234	G	32	13	45	0.00001
Bartonella	773	G	59	0	59	0.00001
Novosphingobium	165696	G	134859	119580	254439	0.03148
Sphingomonas	13687	G	37662	25579	63241	0.00782
Sphingobium	165695	G	28787	50093	78880	0.00976
Sphingopyxis	165697	G	4237	5921	10158	0.00126
Tardibacter	2685927	G	878	2717	3595	0.00044
Rhizorhabdus	1649486	G	102	255	357	0.00004
Novosphingopyxis	2709686	G	16	39	55	0.00001
Blastomonas	150203	G	12	1	13	0.00000
Sphingorhabdus	1434046	G	12	0	12	0.00000
Citromicrobium	72173	G	2	3	5	0.00000
Croceicoccus	1295327	G	3414	10033	13447	0.00166
Porphyrobacter	1111	G	562	1082	1644	0.00020
Erythrobacter	1041	G	19	3	22	0.00000
Aurantiacibacter	2800681	G	282	149	431	0.00005
Altererythrobacter	361177	G	252	54	306	0.00004
Qipengyuania	1855416	G	155	313	468	0.00006
Croceibacterium	2676755	G	6	2	8	0.00000
Pelagerythrobacter	2800685	G	5	6	11	0.00000
Tsuneonella	2800686	G	2	2	4	0.00000
Sphingosinicella	335405	G	5	1334	1339	0.00017
Caulobacter	75	G	274	106	380	0.00005
Brevundimonas	41275	G	85	88	173	0.00002
Acetobacter	434	G	223	0	223	0.00003
Kozakia	153497	G	1	0	1	0.00000
Paracoccus	265	G	152	6	158	0.00002
Paroceanicella	2683599	G	8	12	20	0.00000
Niveispirillum	1543704	G	105	33	138	0.00002
Pseudomonas	286	G	81860	240092	321952	0.03983
Ectopseudomonas	3236654	G	3404	4812	8216	0.00102
Stutzerimonas	2901164	G	9	51	60	0.00001
Marinobacter	2742	G	234	116	350	0.00004
Halomonas	2745	G	46068	71249	117317	0.01451
Vreelandella	3137766	G	724	1190	1914	0.00024
Chromohalobacter	42054	G	28	27	55	0.00001
Cobetia	204286	G	9	3	12	0.00000
Billgrantia	3137761	G	9	200	209	0.00003
Salinicola	404432	G	5	0	5	0.00000
Pistricoccus	1897649	G	2	0	2	0.00000
Alloalcanivorax	3020832	G	231	98	329	0.00004
Thalassolituus	187492	G	1	0	1	0.00000
Stenotrophomonas	40323	G	20563	3439	24002	0.00297
Xanthomonas	338	G	1859	19233	21092	0.00261
Klebsiella	570	G	1541	0	1541	0.00019
Escherichia	561	G	14	4768	4782	0.00059
Enterobacter	547	G	5	253	258	0.00003
Morganella	581	G	232	188	420	0.00005
Serratia	613	G	10	423	433	0.00005
Aeromonas	642	G	4917	28073	32990	0.00408
Vibrio	662	G	3936	1273	5209	0.00064
Salinivibrio	51366	G	14	2	16	0.00000
Photobacterium	657	G	2	0	2	0.00000
Shewanella	22	G	1446	3676	5122	0.00063
Teredinibacter	2425	G	1365	135	1500	0.00019
Aequoribacter	2847769	G	14	5	19	0.00000
Acinetobacter	469	G	1357	687	2044	0.00025
Methylomonas	416	G	24	1	25	0.00000
Methylotuvimicrobium	2822410	G	4	2	6	0.00000
Candidatus_Methylospira	1808977	G	2	0	2	0.00000
Nitrosococcus	1227	G	14	1	15	0.00000
Thioalkalivibrio	106633	G	1	1	2	0.00000
Ectothiorhodospira	1051	G	1	0	1	0.00000
Methylophaga	40222	G	4	0	4	0.00000
Acidithiobacillus	119977	G	6	16	22	0.00000
Flavobacterium	237	G	576922	219327	796249	0.09852
Cloacibacterium	501783	G	4615	41402	46017	0.00569
Elizabethkingia	308865	G	36	887	923	0.00011
Chryseobacterium	59732	G	1	0	1	0.00000
Sphingobacterium	28453	G	57	0	57	0.00001
Bacteriovorax	146784	G	2125	73	2198	0.00027
Poseidonibacter	2321187	G	379	177	556	0.00007
Desulfurispirillum	393029	G	21	5	26	0.00000
Staphylococcus	1279	G	46859	11853	58712	0.00726
Paenibacillus	44249	G	36483	1683	38166	0.00472
Tetragenococcus	51668	G	16277	6112	22389	0.00277
Lactococcus	1357	G	13211	54596	67807	0.00839
Paeniglutamicibacter	1742990	G	287	3761	4048	0.00050
Micrococcus	1269	G	10	479	489	0.00006
Austwickia	1184606	G	1513	3347	4860	0.00060
Brevibacterium	1696	G	1363	6799	8162	0.00101
Microbacterium	33882	G	931	636	1567	0.00019
Agrococcus	46352	G	126	454	580	0.00007
Pseudoclavibacter	255204	G	23	173	196	0.00002
Humibacter	427753	G	3	8	11	0.00000
Serinicoccus	265976	G	454	958	1412	0.00017
Ornithinimicrobium	125287	G	44	74	118	0.00001
Phycicoccus	367298	G	54	391	445	0.00006
Arsenicicoccus	267408	G	42	93	135	0.00002
Nostocoides	99479	G	6	1937	1943	0.00024
Dermacoccus	57495	G	140	334	474	0.00006
Cellulomonas	1707	G	19	53	72	0.00001
Brachybacterium	43668	G	18	87	105	0.00001
Mycobacterium	1763	G	6860	13102	19962	0.00247
Mycolicibacterium	1866885	G	596	1081	1677	0.00021
Gordonia	2053	G	8	6	14	0.00000
Cutibacterium	1912216	G	1048	2489	3537	0.00044
Brooklawnia	369926	G	819	4186	5005	0.00062
Naumannella	1294511	G	117	418	535	0.00007
Propioniciclava	1085622	G	3	19	22	0.00000
Propionibacterium	1743	G	3	20	23	0.00000
Acidipropionibacterium	1912215	G	2	9	11	0.00000
Nocardioides	1839	G	1	3	4	0.00000
Micropruina	116071	G	1	3	4	0.00000
Streptomyces	1883	G	104	568692	568796	0.07037
Thermus	270	G	1078	2417	3495	0.00043
Fusobacterium	848	G	192	8	200	0.00002
Homo	9605	G	71390	500867	572257	0.07080
Pan	9596	G	8	31	39	0.00000
Mus	10088	G	4257	1463	5720	0.00071
Gallus	9030	G	46149	1570	47719	0.00590
Apteryx	8821	G	166	0	166	0.00002
Diploscapter	55799	G	18	93	111	0.00001
Oppiella	334624	G	9	8	17	0.00000
Aedes	7158	G	2	0	2	0.00000
Spirometra	46580	G	6	0	6	0.00000
Wolfiporia	81055	G	839	498	1337	0.00017
Alternaria	5598	G	88	2157	2245	0.00028
Circaeaster	39162	G	74814	94192	169006	0.02091
Linum	4005	G	699	374	1073	0.00013
Cucurbita	3660	G	16	469	485	0.00006
Solanum	4107	G	9	0	9	0.00000
Oryza	4527	G	11	0	11	0.00000
Triticum	4564	G	1	157	158	0.00002
Paramecium	5884	G	13235	526	13761	0.00170
Collozoum	65591	G	3	12	15	0.00000
Naegleria	5761	G	5	0	5	0.00000
Tequatrovirus	10663	G	19500	213788	233288	0.02886
Jerseyvirus	1910991	G	97	364	461	0.00006
Skatevirus	2948910	G	8	692	700	0.00009
