name	taxonomy_id	taxonomy_lvl	kraken_assigned_reads	added_reads	new_est_reads	fraction_total_reads
Thauera	33057	G	3250236	2303277	5553513	0.23588
Azoarcus	12960	G	90680	28843	119523	0.00508
Zoogloea	349	G	40970	14141	55111	0.00234
Parazoarcus	2891322	G	15034	6881	21915	0.00093
Pseudazoarcus	2891323	G	13668	1512	15180	0.00064
Nitrogeniibacter	2891294	G	10353	539	10892	0.00046
Pseudothauera	2891324	G	1866	103197	105063	0.00446
Dechloromonas	73029	G	321928	126128	448056	0.01903
Ferribacterium	88875	G	156900	101489	258389	0.01097
Quatrionicoccus	138117	G	41980	49894	91874	0.00390
Azonexus	146936	G	10580	13825	24405	0.00104
Aromatoleum	551759	G	97552	24572	122124	0.00519
Azospira	146937	G	20214	81939	102153	0.00434
Niveibacterium	1769726	G	2413	139	2552	0.00011
Oryzomicrobium	1911577	G	1953	36228	38181	0.00162
Propionivibrio	83766	G	102	2120	2222	0.00009
Rhodocyclus	1064	G	6	23	29	0.00000
Azovibrio	146935	G	3	107	110	0.00000
Fluviibacter	2808942	G	657	28	685	0.00003
Delftia	80865	G	1479666	1424983	2904649	0.12337
Comamonas	283	G	16459	11302	27761	0.00118
Hydrogenophaga	47420	G	11264	1709	12973	0.00055
Variovorax	34072	G	9861	783	10644	0.00045
Acidovorax	12916	G	9211	8599	17810	0.00076
Polaromonas	52972	G	5449	445	5894	0.00025
Diaphorobacter	238749	G	5445	36130	41575	0.00177
Melaminivora	1649468	G	3739	892	4631	0.00020
Rhodoferax	28065	G	3117	310	3427	0.00015
Ottowia	219181	G	2788	191	2979	0.00013
Pulveribacter	2678886	G	1744	205	1949	0.00008
Curvibacter	281915	G	1492	2145	3637	0.00015
Paracidovorax	3051137	G	885	709	1594	0.00007
Simplicispira	352450	G	750	66	816	0.00003
Alicycliphilus	201096	G	678	3098	3776	0.00016
Verminephrobacter	364316	G	446	12	458	0.00002
Brachymonas	28219	G	442	43	485	0.00002
Candidatus_Symbiobacter	1436289	G	348	22	370	0.00002
Ramlibacter	174951	G	329	19	348	0.00001
Serpentinimonas	2490452	G	278	22	300	0.00001
Limnohabitans	665874	G	189	2730	2919	0.00012
Oryzisolibacter	2038733	G	172	222	394	0.00002
Vandammella	2919468	G	169	6	175	0.00001
Paenacidovorax	3051138	G	77	8	85	0.00000
Pseudacidovorax	433923	G	55	17	72	0.00000
Hylemonella	232523	G	48	109	157	0.00001
Cupriavidus	106589	G	11458	9526	20984	0.00089
Burkholderia	32008	G	9386	27876	37262	0.00158
Ralstonia	48736	G	5899	13315	19214	0.00082
Pandoraea	93217	G	4623	1459	6082	0.00026
Paraburkholderia	1822464	G	3350	487	3837	0.00016
Mycetohabitans	2571159	G	1043	1671	2714	0.00012
Caballeronia	1827195	G	745	136	881	0.00004
Polynucleobacter	44013	G	702	16	718	0.00003
Robbsia	2038280	G	132	4	136	0.00001
Ephemeroptericola	2680021	G	62	1	63	0.00000
Limnobacter	131079	G	51	0	51	0.00000
Trinickia	2571160	G	50	370	420	0.00002
Mycoavidus	1810868	G	17	0	17	0.00000
Candidatus_Glomeribacter	224135	G	14	2	16	0.00000
Lautropia	47670	G	14	641	655	0.00003
Candidatus_Vallotia	2018044	G	4	0	4	0.00000
Achromobacter	222	G	9217	4320	13537	0.00057
Bordetella	517	G	7350	6065	13415	0.00057
Alcaligenes	507	G	4752	56070	60822	0.00258
Orrella	1921582	G	3140	977	4117	0.00017
Neopusillimonas	2987605	G	856	1351	2207	0.00009
Castellaniella	359336	G	626	731	1357	0.00006
Advenella	290425	G	207	75	282	0.00001
Pigmentiphaga	152267	G	204	92	296	0.00001
Pollutimonas	2987599	G	105	132	237	0.00001
Kerstersia	257820	G	29	11	40	0.00000
Paralcaligenes	1148163	G	18	20	38	0.00000
Pusillimonas	305976	G	13	29	42	0.00000
Paenalcaligenes	1100891	G	8	0	8	0.00000
Oligella	90243	G	5	49	54	0.00000
Taylorella	29574	G	1	37	38	0.00000
Massilia	149698	G	3332	3615	6947	0.00030
Pseudoduganella	1522432	G	1953	1632	3585	0.00015
Duganella	75654	G	409	851	1260	0.00005
Telluria	34069	G	113	472	585	0.00002
Rugamonas	212744	G	110	687	797	0.00003
Herbaspirillum	963	G	2224	6400	8624	0.00037
Janthinobacterium	29580	G	1838	1489	3327	0.00014
Undibacterium	401469	G	1269	161	1430	0.00006
Noviherbaspirillum	1344552	G	540	251	791	0.00003
Collimonas	202907	G	230	320	550	0.00002
Actimicrobium	1051898	G	42	17	59	0.00000
Herminiimonas	303379	G	10	53	63	0.00000
Glaciimonas	1229970	G	9	4	13	0.00000
Oxalobacter	846	G	4	0	4	0.00000
Candidatus_Zinderia	884214	G	1	2	3	0.00000
Roseateles	93681	G	2326	192	2518	0.00011
Sphaerotilus	34102	G	1567	879	2446	0.00010
Ideonella	36862	G	882	603	1485	0.00006
Leptothrix	88	G	852	407	1259	0.00005
Piscinibacter	1114981	G	694	75	769	0.00003
Inhella	644355	G	624	109	733	0.00003
Caldimonas	196013	G	602	188	790	0.00003
Methylibium	316612	G	590	442	1032	0.00004
Rubrivivax	28067	G	326	185	511	0.00002
Aquincola	391952	G	128	132	260	0.00001
Thiomonas	32012	G	2174	97	2271	0.00010
Xylophilus	54066	G	1166	165	1331	0.00006
Aquabacterium	92793	G	628	102	730	0.00003
Rhizobacter	212743	G	343	31	374	0.00002
Eleftheria	1597779	G	264	21	285	0.00001
Tepidimonas	114248	G	10	2179	2189	0.00009
Sutterella	40544	G	1301	118	1419	0.00006
Duodenibacillus	1980697	G	34	3	37	0.00000
Candidatus_Accumulibacter	327159	G	574837	130493	705330	0.02996
Candidatus_Desulfobacillus	2819026	G	4691	510	5201	0.00022
Casimicrobium	2706000	G	487	334	821	0.00003
Candidatus_Nasuia	1301080	G	5	3	8	0.00000
Candidatus_Vidania	1191175	G	3	0	3	0.00000
Candidatus_Tremblaya	189384	G	2	1	3	0.00000
Candidatus_Kinetoplastibacterium	33055	G	1	0	1	0.00000
Nitrosomonas	914	G	302913	192546	495459	0.02104
Nitrosospira	35798	G	3828	3329	7157	0.00030
Sterolibacterium	157591	G	17590	5270	22860	0.00097
Denitratisoma	311181	G	7820	5514	13334	0.00057
Candidatus_Nitricoxidivorans	3071076	G	6340	2660	9000	0.00038
Sulfuritalea	1054211	G	2107	751	2858	0.00012
Sulfuricystis	3050898	G	1410	644	2054	0.00009
Methyloversatilis	378210	G	1061	165	1226	0.00005
Rugosibacter	1914449	G	697	371	1068	0.00005
Sulfurimicrobium	2772198	G	6514	1202	7716	0.00033
Sulfuriferula	1778653	G	4201	742	4943	0.00021
Sulfuricella	935200	G	115	19	134	0.00001
Sulfuritortus	1938335	G	3333	5131	8464	0.00036
Thiobacillus	919	G	1603	750	2353	0.00010
Gallionella	96	G	2037	120	2157	0.00009
Candidatus_Nitrotoga	453161	G	1154	119	1273	0.00005
Sideroxydans	314343	G	418	677	1095	0.00005
Ferriphaselus	1443590	G	159	8	167	0.00001
Ferrigenium	2249462	G	55	8	63	0.00000
Sideroxyarcus	2943286	G	37	3	40	0.00000
Methylobacillus	404	G	360	385	745	0.00003
Methylophilus	16	G	108	36	144	0.00001
Candidatus_Methylopumilus	1679002	G	24	35	59	0.00000
Methylovorus	81682	G	23	43	66	0.00000
Methyloradius	2872156	G	13	26	39	0.00000
Methylotenera	359407	G	6	10	16	0.00000
Usitatibacter	2803845	G	232	89374	89606	0.00381
Chromobacterium	535	G	1554	943	2497	0.00011
Vogesella	57739	G	871	259	1130	0.00005
Aquitalea	407217	G	771	962	1733	0.00007
Paludibacterium	400060	G	313	166	479	0.00002
Pseudogulbenkiania	568394	G	180	204	384	0.00002
Aquaspirillum	187	G	2129	1107	3236	0.00014
Laribacter	168470	G	324	557	881	0.00004
Microvirgula	57479	G	84	62	146	0.00001
Chitiniphilus	585890	G	787	318	1105	0.00005
Chitinimonas	240411	G	485	235	720	0.00003
Jeongeupia	885864	G	331	177	508	0.00002
Chitinolyticbacter	1055692	G	161	80	241	0.00001
Chitinibacter	230666	G	137	57	194	0.00001
Iodobacter	32014	G	48	31	79	0.00000
Silvimonas	300264	G	24	13	37	0.00000
Deefgea	400947	G	23	20	43	0.00000
Neisseria	482	G	525	925	1450	0.00006
Vitreoscilla	59	G	152	214	366	0.00002
Eikenella	538	G	131	47	178	0.00001
Crenobacter	1654931	G	124	210	334	0.00001
Aquella	2593687	G	37	1	38	0.00000
Paralysiella	2898489	G	27	7	34	0.00000
Kingella	32257	G	13	4	17	0.00000
Uruburuella	299568	G	3	0	3	0.00000
Snodgrassella	1193515	G	2	0	2	0.00000
Alysiella	194195	G	1	0	1	0.00000
Conchiformibius	334107	G	1	8	9	0.00000
Leeia	650341	G	1	66	67	0.00000
Ferrovum	416212	G	833	740	1573	0.00007
Candidatus_Procabacter	167946	G	4	23	27	0.00000
Nitrobacter	911	G	1069570	157836	1227406	0.05213
Bradyrhizobium	374	G	48051	1234	49285	0.00209
Tardiphaga	1395974	G	2912	255	3167	0.00013
Afipia	1033	G	1041	527	1568	0.00007
Rhodopseudomonas	1073	G	324	67	391	0.00002
Variibacter	1649510	G	3	0	3	0.00000
Methylobacterium	407	G	9760	1131	10891	0.00046
Microvirga	186650	G	226	19	245	0.00001
Methylorubrum	2282523	G	132	948	1080	0.00005
Mesorhizobium	68287	G	7406	711	8117	0.00034
Nitratireductor	245876	G	1208	16374	17582	0.00075
Aminobacter	31988	G	1149	1774	2923	0.00012
Aquibium	2911176	G	672	156	828	0.00004
Phyllobacterium	28100	G	48	4	52	0.00000
Chelativorans	449972	G	16	5	21	0.00000
Rhizobium	379	G	2021	728	2749	0.00012
Agrobacterium	357	G	1494	1684	3178	0.00013
Neorhizobium	1525371	G	355	58	413	0.00002
Pararhizobium	1612611	G	110	17	127	0.00001
Allorhizobium	78526	G	17	6	23	0.00000
Sinorhizobium	28105	G	648	268	916	0.00004
Ensifer	106591	G	156	83	239	0.00001
Shinella	323620	G	239	1035	1274	0.00005
Liberibacter	34019	G	27	0	27	0.00000
Hoeflea	274591	G	11	0	11	0.00000
Georhizobium	2661800	G	5	1	6	0.00000
Aliirhizobium	3070965	G	4	2	6	0.00000
Peteryoungia	2853332	G	3	1	4	0.00000
Bosea	85413	G	1809	40	1849	0.00008
Ochrobactrum	528	G	1350	14391	15741	0.00067
Brucella	234	G	121	279	400	0.00002
Xanthobacter	279	G	239	562	801	0.00003
Ancylobacter	99	G	68	107	175	0.00001
Aquabacter	45402	G	24	17	41	0.00000
Labrys	204476	G	21	1	22	0.00000
Starkeya	152053	G	20	10	30	0.00000
Azorhizobium	6	G	14	19	33	0.00000
Pseudolabrys	556257	G	6	1	7	0.00000
Methylocystis	133	G	572	79	651	0.00003
Methylosinus	425	G	58	8	66	0.00000
Pseudorhodoplanes	1734920	G	478	21	499	0.00002
Enhydrobacter	212791	G	14	9	23	0.00000
Nordella	169055	G	4	0	4	0.00000
Candidatus_Endowatersipora	376743	G	2	0	2	0.00000
Candidatus_Hodgkinia	573657	G	1	0	1	0.00000
Pelagibacterium	1082930	G	225	25	250	0.00001
Devosia	46913	G	169	12	181	0.00001
Paradevosia	1573407	G	24	14	38	0.00000
Youhaiella	1827478	G	5	0	5	0.00000
Aureimonas	414371	G	237	83	320	0.00001
Martelella	293088	G	76	27	103	0.00000
Aurantimonas	182269	G	36	18	54	0.00000
Jiella	1775688	G	5	1	6	0.00000
Beijerinckia	532	G	183	11	194	0.00001
Methylocapsa	184923	G	67	9	76	0.00000
Methylocella	120652	G	10	0	10	0.00000
Methylovirgula	1156568	G	7	1	8	0.00000
Pleomorphomonas	261933	G	158	8	166	0.00001
Hartmannibacter	1572860	G	2	0	2	0.00000
Pannonibacter	227873	G	55	65	120	0.00001
Roseibium	150830	G	38	32	70	0.00000
Stappia	152161	G	23	2	25	0.00000
Breoghania	1406135	G	16	1	17	0.00000
Labrenzia	478070	G	8	0	8	0.00000
Bartonella	773	G	143	27	170	0.00001
Kaistia	166953	G	143	29	172	0.00001
Cohaesibacter	655352	G	135	3	138	0.00001
Blastochloris	59282	G	96	6	102	0.00000
Hyphomicrobium	81	G	38	13	51	0.00000
Methyloceanibacter	1484898	G	16	1	17	0.00000
Rhodomicrobium	1068	G	15	0	15	0.00000
Rhodoplanes	29407	G	8	1	9	0.00000
Filomicrobium	119044	G	1	0	1	0.00000
Phreatobacter	1632780	G	88	10	98	0.00000
Salaquimonas	2712688	G	69	3	72	0.00000
Terrirubrum	3142786	G	55	3	58	0.00000
Parvibaculum	256616	G	46	62	108	0.00000
Pyruvatibacter	1742974	G	2	1	3	0.00000
Chelatococcus	28209	G	48	51	99	0.00000
Acuticoccus	1904377	G	10	1	11	0.00000
Rhodoligotrophos	987053	G	8	1	9	0.00000
Methyloraptor	3382645	G	6	1	7	0.00000
Coralliovum	3228940	G	4	0	4	0.00000
Alsobacter	1502180	G	4	0	4	0.00000
Oceaniradius	2679892	G	3	0	3	0.00000
Lichenihabitans	2723776	G	1	0	1	0.00000
Salinarimonas	690086	G	1	0	1	0.00000
Rhodoblastus	168658	G	1	0	1	0.00000
Novosphingobium	165696	G	419151	198632	617783	0.02624
Sphingobium	165695	G	92807	100816	193623	0.00822
Sphingomonas	13687	G	75624	95722	171346	0.00728
Sphingopyxis	165697	G	15331	8718	24049	0.00102
Rhizorhabdus	1649486	G	2329	4734	7063	0.00030
Tardibacter	2685927	G	1690	3077	4767	0.00020
Blastomonas	150203	G	1089	366	1455	0.00006
Hankyongella	1763827	G	600	172	772	0.00003
Novosphingopyxis	2709686	G	318	455	773	0.00003
Sphingosinithalassobacter	2676233	G	277	187	464	0.00002
Candidatus_Andeanibacterium	3121344	G	233	5216	5449	0.00023
Citromicrobium	72173	G	126	127	253	0.00001
Stakelama	1124625	G	126	7	133	0.00001
Sphingorhabdus	1434046	G	97	104	201	0.00001
Sphingomicrobium	1227948	G	38	11	49	0.00000
Parasphingopyxis	1234545	G	18	0	18	0.00000
Aquisediminimonas	2676781	G	15	0	15	0.00000
Alterisphingorhabdus	3382518	G	14	0	14	0.00000
Allosphingosinicella	2823232	G	11	0	11	0.00000
Parasphingorhabdus	2709685	G	10	0	10	0.00000
Croceicoccus	1295327	G	12165	28102	40267	0.00171
Erythrobacter	1041	G	2485	982	3467	0.00015
Porphyrobacter	1111	G	1728	2435	4163	0.00018
Qipengyuania	1855416	G	2425	2410	4835	0.00021
Altererythrobacter	361177	G	1257	666	1923	0.00008
Tsuneonella	2800686	G	846	589	1435	0.00006
Aurantiacibacter	2800681	G	660	675	1335	0.00006
Pelagerythrobacter	2800685	G	617	561	1178	0.00005
Caenibius	2827482	G	422	447	869	0.00004
Croceibacterium	2676755	G	307	402	709	0.00003
Alteriqipengyuania	2800680	G	56	25	81	0.00000
Paraurantiacibacter	2800682	G	44	3	47	0.00000
Sphingosinicella	335405	G	200	200	400	0.00002
Polymorphobacter	1508451	G	157	6	163	0.00001
Sandaracinobacteroides	2883109	G	144	44	188	0.00001
Zymomonas	541	G	1	0	1	0.00000
Paracoccus	265	G	3626	2092	5718	0.00024
Cereibacter	1653176	G	296	340	636	0.00003
Rhodovulum	34008	G	81	166	247	0.00001
Fuscovulum	2818469	G	59	36	95	0.00000
Paroceanicella	2683599	G	51	244	295	0.00001
Pontivivens	1844015	G	41	7	48	0.00000
Pukyongiella	2831925	G	36	190	226	0.00001
Pseudooceanicola	1679449	G	26	34	60	0.00000
Thioclava	285107	G	12	25	37	0.00000
Roseinatronobacter	121820	G	10	2	12	0.00000
Tritonibacter	2083206	G	8	17	25	0.00000
Profundibacter	2778525	G	8	0	8	0.00000
Polymorphum	991903	G	8	10	18	0.00000
Neotabrizicola	2946607	G	7	4	11	0.00000
Roseicitreum	1209946	G	7	0	7	0.00000
Frigidibacter	1775705	G	4	15	19	0.00000
Yoonia	2211641	G	4	14	18	0.00000
Gemmobacter	204456	G	4	5	9	0.00000
Pacificitalea	2846749	G	4	16	20	0.00000
Algicella	3050722	G	4	0	4	0.00000
Defluviimonas	1097466	G	4	1	5	0.00000
Abyssibius	3029205	G	4	3	7	0.00000
Brevirhabdus	1855413	G	4	45	49	0.00000
Aestuariibius	2109360	G	3	0	3	0.00000
Cognatishimia	2211635	G	2	0	2	0.00000
Aquicoccus	2055850	G	2	0	2	0.00000
Gymnodinialimonas	2937410	G	2	1	3	0.00000
Silicimonas	1955420	G	2	0	2	0.00000
Parasedimentitalea	2738399	G	2	0	2	0.00000
Amaricoccus	56999	G	2	0	2	0.00000
Pseudorhodobacter	238783	G	1	4	5	0.00000
Tabrizicola	1443919	G	1	0	1	0.00000
Haematobacter	366614	G	1	3	4	0.00000
Aliiroseovarius	1658781	G	1	0	1	0.00000
Marivita	659428	G	247	182	429	0.00002
Sulfitobacter	60136	G	189	619	808	0.00003
Pseudosulfitobacter	2854186	G	158	1348	1506	0.00006
Phaeobacter	302485	G	142	149	291	0.00001
Roseovarius	74030	G	113	38	151	0.00001
Celeribacter	875170	G	60	462	522	0.00002
Ruegeria	97050	G	44	22	66	0.00000
Leisingera	191028	G	43	17	60	0.00000
Salipiger	263377	G	38	211	249	0.00001
Roseobacter	2433	G	10	2	12	0.00000
Roseivivax	93682	G	8	21	29	0.00000
Sagittula	58842	G	7	19	26	0.00000
Mameliella	1434019	G	7	12	19	0.00000
Oceanicola	252301	G	6	1	7	0.00000
Octadecabacter	53945	G	5	18	23	0.00000
Alloyangia	2919626	G	4	5	9	0.00000
Marinovum	367771	G	3	11	14	0.00000
Palleronia	315422	G	3	0	3	0.00000
Jannaschia	188905	G	2	0	2	0.00000
Ketogulonicigenium	92944	G	2	0	2	0.00000
Seohaeicola	481178	G	1	0	1	0.00000
Roseicyclus	336277	G	1	0	1	0.00000
Falsihalocynthiibacter	2854182	G	1	0	1	0.00000
Dinoroseobacter	309512	G	1	10	11	0.00000
Actibacterium	1433986	G	1	12	13	0.00000
Loktanella	245186	G	1	0	1	0.00000
Antarctobacter	74032	G	1	0	1	0.00000
Rhodobacter	1060	G	131	265	396	0.00002
Azospirillum	191	G	1310	85	1395	0.00006
Niveispirillum	1543704	G	897	421	1318	0.00006
Skermanella	204447	G	94	4	98	0.00000
Nitrospirillum	1543705	G	80	10	90	0.00000
Indioceanicola	2478349	G	1	0	1	0.00000
Defluviicoccus	111830	G	1703	2360	4063	0.00017
Magnetospirillum	13134	G	184	374	558	0.00002
Rhodospirillum	1081	G	19	18	37	0.00000
Candidatus_Endolissoclinum	1263978	G	8	15	23	0.00000
Ferrovibrio	1231242	G	2	0	2	0.00000
Aerophototrophica	2811387	G	1	42	43	0.00000
Pararhodospirillum	1612157	G	1	391	392	0.00002
Magnetospira	1182780	G	102	0	102	0.00000
Thalassospira	168934	G	48	150	198	0.00001
Thalassobaculum	526215	G	56	12	68	0.00000
Nisaea	390876	G	1	0	1	0.00000
Stella	93	G	55	5	60	0.00000
Hypericibacter	2705399	G	32	3	35	0.00000
Paramagnetospirillum	3031148	G	30	150	180	0.00001
Varunaivibrio	1866954	G	26	0	26	0.00000
Caenispirillum	414051	G	17	2	19	0.00000
Terasakiella	196080	G	1	0	1	0.00000
Acetobacter	434	G	1007	456	1463	0.00006
Pseudoroseomonas	2870717	G	169	26	195	0.00001
Asaia	91914	G	90	355	445	0.00002
Komagataeibacter	1434011	G	85	68	153	0.00001
Nguyenibacter	1519186	G	57	1	58	0.00000
Kozakia	153497	G	42	59	101	0.00000
Gluconobacter	441	G	41	22	63	0.00000
Granulibacter	364409	G	29	2	31	0.00000
Rhodovastum	504465	G	28	1	29	0.00000
Pararoseomonas	2870712	G	21	4	25	0.00000
Acidibrevibacterium	2603324	G	13	1	14	0.00000
Lichenicola	2804525	G	4	0	4	0.00000
Novacetimonas	2919364	G	4	6	10	0.00000
Gluconacetobacter	89583	G	3	1	4	0.00000
Roseomonas	125216	G	1311	639	1950	0.00008
Sediminicoccus	1706033	G	33	6	39	0.00000
Roseococcus	35812	G	3	0	3	0.00000
Acidiphilium	522	G	72	25	97	0.00000
Acidocella	50709	G	4	0	4	0.00000
Acidisoma	512381	G	4	0	4	0.00000
Elioraea	457933	G	5	3852	3857	0.00016
Brevundimonas	41275	G	1360	456	1816	0.00008
Caulobacter	75	G	773	190	963	0.00004
Phenylobacterium	20	G	152	19	171	0.00001
Asticcacaulis	76890	G	85	8	93	0.00000
Terricaulis	2768684	G	2	0	2	0.00000
Oceanicaulis	153232	G	484	79	563	0.00002
Hyphobacterium	2004661	G	105	2	107	0.00000
Marinicauda	1649466	G	4	2	6	0.00000
Tistrella	171436	G	379	285	664	0.00003
Ponticaulis	1123044	G	155	3	158	0.00001
Hyphomonas	85	G	38	47	85	0.00000
Candidatus_Viadribacter	2892997	G	5	0	5	0.00000
Magnetococcus	162171	G	124	12	136	0.00001
Magnetofaba	1472292	G	2	0	2	0.00000
Kordiimonas	288021	G	95	9	104	0.00000
Gimibacter	3058346	G	1	188	189	0.00001
Sneathiella	510690	G	48	1	49	0.00000
Wolbachia	953	G	8	225	233	0.00001
Candidatus_Fokinia	1802983	G	1	0	1	0.00000
Candidatus_Megaera	1742636	G	1	0	1	0.00000
Emcibacter	1602338	G	8	0	8	0.00000
Pseudemcibacter	2943291	G	1	0	1	0.00000
Candidatus_Bealeia	1920992	G	1	1020010	1020011	0.04332
Candidatus_Competibacter	221279	G	8414	35130	43544	0.00185
Candidatus_Vondammii	2686004	G	42	228	270	0.00001
Halomonas	2745	G	219670	146667	366337	0.01556
Vreelandella	3137766	G	11645	7720	19365	0.00082
Salinicola	404432	G	714	439	1153	0.00005
Chromohalobacter	42054	G	623	195	818	0.00003
Cobetia	204286	G	604	30	634	0.00003
Billgrantia	3137761	G	473	456	929	0.00004
Pistricoccus	1897649	G	391	12	403	0.00002
Halotalea	376488	G	128	17	145	0.00001
Kushneria	504090	G	96	3	99	0.00000
Bisbaumannia	3137762	G	64	1598	1662	0.00007
Modicisalibacter	574347	G	9	73	82	0.00000
Candidatus_Portiera	235572	G	4	5	9	0.00000
Candidatus_Johnevansia	1495768	G	1	0	1	0.00000
Halovibrio	576341	G	1	44	45	0.00000
Carnimonas	64322	G	1	4	5	0.00000
Alloalcanivorax	3020832	G	806	176	982	0.00004
Alcanivorax	59753	G	106	50	156	0.00001
Isoalcanivorax	3020833	G	36	16	52	0.00000
Marinicella	863253	G	12	0	12	0.00000
Marinobacterium	48075	G	227	18	245	0.00001
Thalassolituus	187492	G	197	8	205	0.00001
Marinospirillum	64968	G	129	4	133	0.00001
Marinomonas	28253	G	102	6	108	0.00000
Amphritea	515417	G	26	0	26	0.00000
Nitrincola	267849	G	22	6	28	0.00000
Bermanella	599651	G	19	61	80	0.00000
Bacterioplanes	1537406	G	6	0	6	0.00000
Oleispira	188907	G	4	0	4	0.00000
Neptuniibacter	459520	G	4	0	4	0.00000
Venatoribacter	2893036	G	4	7	11	0.00000
Aliamphritea	3018276	G	3	0	3	0.00000
Hahella	158481	G	50	1	51	0.00000
Endozoicomonas	305899	G	35	0	35	0.00000
Gynuella	1445504	G	22	0	22	0.00000
Reinekea	230494	G	10	0	10	0.00000
Saccharospirillum	231683	G	1	0	1	0.00000
Pleionea	1502941	G	12	1	13	0.00000
Spartinivicinus	2768738	G	5	0	5	0.00000
Pseudomonas	286	G	188555	335119	523674	0.02224
Ectopseudomonas	3236654	G	9112	13854	22966	0.00098
Stutzerimonas	2901164	G	2888	2666	5554	0.00024
Azotobacter	352	G	815	214	1029	0.00004
Azorhizophilus	157913	G	17	9	26	0.00000
Halopseudomonas	2901189	G	385	44	429	0.00002
Thiopseudomonas	1654787	G	310	52	362	0.00002
Metapseudomonas	3236656	G	145	33	178	0.00001
Aquipseudomonas	3236652	G	124	73	197	0.00001
Geopseudomonas	3236655	G	113	25	138	0.00001
Permianibacter	1649479	G	56	0	56	0.00000
Denitrificimonas	2901261	G	4	102	106	0.00000
Marinobacter	2742	G	1860	3062	4922	0.00021
Pseudohongiella	1524249	G	11	3	14	0.00000
Stenotrophomonas	40323	G	73412	24754	98166	0.00417
Xanthomonas	338	G	15987	15740	31727	0.00135
Lysobacter	68	G	1033	83	1116	0.00005
Pseudolysobacter	2709666	G	596	10	606	0.00003
Pseudoxanthomonas	83618	G	493	628	1121	0.00005
Luteimonas	83614	G	282	23	305	0.00001
Thermomonas	141948	G	192	29	221	0.00001
Xylella	2370	G	95	15	110	0.00000
Novilysobacter	3382699	G	30	77	107	0.00000
Marilutibacter	3382698	G	23	2	25	0.00000
Agrilutibacter	3382696	G	16	2	18	0.00000
Pseudoluteimonas	3382694	G	10	1	11	0.00000
Solilutibacter	3382695	G	6	0	6	0.00000
Rhodanobacter	75309	G	395	130	525	0.00002
Ahniella	2233801	G	301	4	305	0.00001
Dyella	231454	G	263	118	381	0.00002
Tahibacter	1453544	G	163	8	171	0.00001
Luteibacter	242605	G	80	13	93	0.00000
Frateuria	70411	G	75	76	151	0.00001
Aerosticca	2707020	G	48	150	198	0.00001
Dokdonella	323413	G	21	4	25	0.00000
Escherichia	561	G	14570	336205	350775	0.01490
Klebsiella	570	G	12220	126485	138705	0.00589
Raoultella	160674	G	346	2656	3002	0.00013
Enterobacter	547	G	2347	21928	24275	0.00103
Citrobacter	544	G	1715	8812	10527	0.00045
Salmonella	590	G	1689	212633	214322	0.00910
Leclercia	83654	G	314	527	841	0.00004
Candidatus_Hamiltonella	568987	G	108	26	134	0.00001
Candidatus_Hoaglandella	1906659	G	17	0	17	0.00000
Candidatus_Stammera	2608261	G	4	0	4	0.00000
Candidatus_Dasytiphilus	3121261	G	1	58	59	0.00000
Symbiopectobacterium	801	G	1	0	1	0.00000
Mangrovibacter	451512	G	74	162	236	0.00001
Shigella	620	G	68	3190	3258	0.00014
Cronobacter	413496	G	67	1	68	0.00000
Cedecea	158483	G	44	6	50	0.00000
Plesiomonas	702	G	15	2	17	0.00000
Candidatus_Profftia	1177214	G	9	0	9	0.00000
Kosakonia	1330547	G	8	0	8	0.00000
Franconibacter	1649295	G	5	0	5	0.00000
Trabulsiella	158851	G	4	224	228	0.00001
Jejubacter	2815296	G	3	0	3	0.00000
Pluralibacter	1330546	G	2	0	2	0.00000
Buttiauxella	82976	G	1	0	1	0.00000
Siccibacter	1649298	G	1	0	1	0.00000
Scandinavium	2726810	G	1	0	1	0.00000
Pseudescherichia	2055880	G	1	0	1	0.00000
Morganella	581	G	425	150	575	0.00002
Proteus	583	G	91	76	167	0.00001
Providencia	586	G	81	2125	2206	0.00009
Photorhabdus	29487	G	28	0	28	0.00000
Arsenophonus	637	G	16	882	898	0.00004
Xenorhabdus	626	G	12	0	12	0.00000
Moellerella	158848	G	1	3	4	0.00000
Dickeya	204037	G	581	117	698	0.00003
Pectobacterium	122277	G	505	104	609	0.00003
Musicola	2884243	G	21	7	28	0.00000
Brenneria	71655	G	10	0	10	0.00000
Lonsdalea	1082702	G	2	0	2	0.00000
Acerihabitans	2811373	G	1	0	1	0.00000
Serratia	613	G	1012	1487	2499	0.00011
Yersinia	629	G	78	1546	1624	0.00007
Chimaeribacter	2716544	G	15	3	18	0.00000
Rahnella	34037	G	6	1	7	0.00000
Gibbsiella	929812	G	4	0	4	0.00000
Nissabacter	1964366	G	4	0	4	0.00000
Rouxiella	1565532	G	2	0	2	0.00000
Chania	1745211	G	1	0	1	0.00000
Erwinia	551	G	220	151	371	0.00002
Pantoea	53335	G	149	152	301	0.00001
Buchnera	32199	G	22	2	24	0.00000
Edwardsiella	635	G	196	1	197	0.00001
Obesumbacterium	82982	G	2	0	2	0.00000
Sodalis	84565	G	135	8	143	0.00001
Gallaecimonas	745410	G	40	2	42	0.00000
Leminorella	82980	G	1	0	1	0.00000
Methylomonas	416	G	6128	335	6463	0.00027
Candidatus_Methylospira	1808977	G	5158	569	5727	0.00024
Methylococcus	413	G	4075	538	4613	0.00020
Methylocaldum	73778	G	2425	402	2827	0.00012
Methylotuvimicrobium	2822410	G	1655	3866	5521	0.00023
Methylobacter	429	G	1619	227	1846	0.00008
Methylomagnum	1760987	G	588	39	627	0.00003
Methylomicrobium	39773	G	395	508	903	0.00004
Methylomarinum	1221209	G	220	78	298	0.00001
Methylovulum	762296	G	22	2	24	0.00000
Methylogaea	1295378	G	10	0	10	0.00000
Candidatus_Methylocalor	3135206	G	8	0	8	0.00000
Methyloglobulus	1410680	G	4	6	10	0.00000
Methyloprofundus	1565313	G	1	0	1	0.00000
Methylomarinovum	1486720	G	59	1	60	0.00000
Allochromatium	85072	G	2218	1031	3249	0.00014
Thiocapsa	1056	G	1583	338	1921	0.00008
Thiodictyon	53392	G	1393	448	1841	0.00008
Caldichromatium	2828366	G	1147	728	1875	0.00008
Thiorhodovibrio	61593	G	759	69	828	0.00004
Thioflavicoccus	156885	G	350	893	1243	0.00005
Nitrosococcus	1227	G	348	729	1077	0.00005
Thiocystis	13724	G	215	143	358	0.00002
Candidatus_Tenderia	1813600	G	157	17	174	0.00001
Thiohalocapsa	85079	G	96	26	122	0.00001
Thermochromatium	85073	G	84	176	260	0.00001
Marichromatium	85076	G	15	18	33	0.00000
Candidatus_Nitrosoglobus	1980513	G	11	4	15	0.00000
Rheinheimera	67575	G	2	0	2	0.00000
Acidihalobacter	1765964	G	1425	634	2059	0.00009
Thioalkalivibrio	106633	G	1011	319	1330	0.00006
Ectothiorhodospira	1051	G	617	213	830	0.00004
Spiribacter	1335745	G	170	83	253	0.00001
Alkalilimnicola	133193	G	13	22	35	0.00000
Aquisalimonas	406099	G	12	0	12	0.00000
Halorhodospira	85108	G	10	0	10	0.00000
Ectothiorhodosinus	233099	G	4	5	9	0.00000
Thiosocius	2780488	G	270	25	295	0.00001
Sedimenticola	349742	G	212	1380	1592	0.00007
Thiolapillus	1608298	G	53	2	55	0.00000
Candidatus_Thiodiazotropha	1913444	G	52	3	55	0.00000
Candidatus_Endoriftia	393764	G	14	3	17	0.00000
Halothiobacillus	109262	G	227	21	248	0.00001
Wenzhouxiangella	1676142	G	97	473	570	0.00002
Granulosicoccus	437504	G	56	0	56	0.00000
Sulfuriflexus	1860077	G	3	0	3	0.00000
Guyparkeria	2035712	G	59	18190	18249	0.00078
Aeromonas	642	G	10739	88235	98974	0.00420
Zobellella	347533	G	479	41	520	0.00002
Oceanimonas	129577	G	119	28	147	0.00001
Tolumonas	43947	G	63	35	98	0.00000
Oceanisphaera	225143	G	55	1	56	0.00000
Anaerobiospirillum	13334	G	1	7	8	0.00000
Shewanella	22	G	4182	6639	10821	0.00046
Parashewanella	2547964	G	5	0	5	0.00000
Colwellia	28228	G	1192	61	1253	0.00005
Thalassomonas	137583	G	19	1	20	0.00000
Salinimonas	288793	G	49	684	733	0.00003
Alteromonas	226	G	28	897	925	0.00004
Alkalimarinus	1858563	G	15	3	18	0.00000
Agarivorans	261825	G	5	0	5	0.00000
Halioxenophilus	2108524	G	1	3	4	0.00000
Aestuariibacter	249523	G	1	16	17	0.00000
Lacimicrobium	1751872	G	1	5	6	0.00000
Idiomarina	135575	G	153	57	210	0.00001
Pseudidiomarina	2800384	G	6	1	7	0.00000
Pseudoalteromonas	53246	G	109	9	118	0.00001
Ferrimonas	44011	G	106	6	112	0.00000
Vibrio	662	G	4967	5404	10371	0.00044
Photobacterium	657	G	141	27	168	0.00001
Parasalinivibrio	3378804	G	126	8	134	0.00001
Salinivibrio	51366	G	76	5	81	0.00000
Grimontia	246861	G	8	0	8	0.00000
Aliivibrio	511678	G	1	0	1	0.00000
Teredinibacter	2425	G	2952	398	3350	0.00014
Gilvimarinus	940550	G	218	27	245	0.00001
Cellvibrio	10	G	137	2	139	0.00001
Simiduia	447467	G	58	1	59	0.00000
Marinimicrobium	359337	G	3	0	3	0.00000
Agaribacterium	2038244	G	1	0	1	0.00000
Microbulbifer	48073	G	542	33	575	0.00002
Kineobactrum	2678529	G	233	16	249	0.00001
Halioglobus	1217416	G	34	3	37	0.00000
Aequoribacter	2847769	G	31	25	56	0.00000
Congregibacter	393661	G	1	0	1	0.00000
Spongiibacter	630749	G	84	2	86	0.00000
Oceanicoccus	1084558	G	27	0	27	0.00000
Zhongshania	1434050	G	12	39	51	0.00000
Acinetobacter	469	G	2542	18563	21105	0.00090
Moraxella	475	G	11	58	69	0.00000
Psychrobacter	497	G	6	0	6	0.00000
Thiothrix	1030	G	1581	15	1596	0.00007
Beggiatoa	1021	G	33	0	33	0.00000
Candidatus_Thiocaldithrix	3080820	G	2	0	2	0.00000
Methylophaga	40222	G	181	18	199	0.00001
Thiomicrospira	933	G	82	4	86	0.00000
Thiomicrorhabdus	2039723	G	76	33	109	0.00000
Cycloclasticus	34067	G	27	2	29	0.00000
Hydrogenovibrio	28884	G	24	7	31	0.00000
Thiosulfativibrio	2781120	G	4	0	4	0.00000
Thiosulfatimonas	2781121	G	4	51	55	0.00000
Francisella	262	G	6	4855	4861	0.00021
Thiohalobacter	1273155	G	457	14	471	0.00002
Acidiferrobacter	986106	G	218	2	220	0.00001
Sulfurifustis	1692042	G	177	3	180	0.00001
Sulfuricaulis	1744881	G	60	2	62	0.00000
Sinimarinibacterium	1861863	G	194	148	342	0.00001
Solimonas	413435	G	69	1	70	0.00000
Flagellatimonas	2893022	G	27	206	233	0.00001
Arenicella	904708	G	11	0	11	0.00000
Steroidobacter	469322	G	186	87	273	0.00001
Pasteurella	745	G	58	57	115	0.00000
Gallibacterium	155493	G	13	2	15	0.00000
Mannheimia	75984	G	5	21	26	0.00000
Aggregatibacter	416916	G	5	0	5	0.00000
Haemophilus	724	G	4	2	6	0.00000
Actinobacillus	713	G	2	0	2	0.00000
Salinisphaera	180541	G	128	1	129	0.00001
Immundisolibacter	1934947	G	122	66	188	0.00001
Zophobihabitans	2894762	G	11	59	70	0.00000
Gilliamella	1193503	G	3	41	44	0.00000
Sulfurivermis	2034504	G	83	56	139	0.00001
Legionella	445	G	64	0	64	0.00000
Coxiella	776	G	6	11	17	0.00000
Aquicella	254245	G	1	0	1	0.00000
Kangiella	261963	G	58	57	115	0.00000
Woeseia	1738655	G	3	0	3	0.00000
Suttonella	13275	G	13	0	13	0.00000
Cardiobacterium	2717	G	3	0	3	0.00000
Ignatzschineria	112008	G	1	0	1	0.00000
Candidatus_Zeuxoniibacter	3373014	G	2	0	2	0.00000
Acidithiobacillus	119977	G	11400	4225	15625	0.00066
Hydrogenophilus	70774	G	93	25	118	0.00001
Mariprofundus	377315	G	4	0	4	0.00000
Flavobacterium	237	G	2844215	89469	2933684	0.12461
Siansivirga	1204360	G	186	183	369	0.00002
Myroides	76831	G	50	116	166	0.00001
Tenacibaculum	104267	G	45	108	153	0.00001
Aequorivita	153265	G	36	1	37	0.00000
Psychroserpens	49277	G	32	9	41	0.00000
Salinimicrobium	561367	G	20	874	894	0.00004
Polaribacter	52959	G	19	1	20	0.00000
Zunongwangia	417127	G	17	3	20	0.00000
Salegentibacter	143222	G	17	44	61	0.00000
Galbibacter	379068	G	12	1	13	0.00000
Aquimarina	290174	G	11	193	204	0.00001
Psychroflexus	83612	G	9	0	9	0.00000
Algibacter	261827	G	5	102	107	0.00000
Winogradskyella	286104	G	3	0	3	0.00000
Zhouia	561555	G	3	1	4	0.00000
Abyssalbus	2967089	G	3	0	3	0.00000
Capnocytophaga	1016	G	3	0	3	0.00000
Mesoflavibacter	444051	G	2	0	2	0.00000
Gilvibacter	379070	G	2	1	3	0.00000
Pseudalgibacter	2861660	G	2	0	2	0.00000
Gillisia	244698	G	2	1	3	0.00000
Flavivirga	1209327	G	2	0	2	0.00000
Cellulophaga	104264	G	1	0	1	0.00000
Nonlabens	363408	G	1	0	1	0.00000
Olleya	336276	G	1	1	2	0.00000
Christiangramia	292691	G	1	0	1	0.00000
Changchengzhania	2049301	G	1	0	1	0.00000
Vaginella	1935184	G	1	2	3	0.00000
Croceibacter	216431	G	1	0	1	0.00000
Paenimyroides	3085669	G	1	4	5	0.00000
Maribacter	252356	G	1	0	1	0.00000
Cloacibacterium	501783	G	7420	12291	19711	0.00084
Chryseobacterium	59732	G	2864	465	3329	0.00014
Kaistella	2782231	G	22	0	22	0.00000
Epilithonimonas	2782229	G	1	3	4	0.00000
Elizabethkingia	308865	G	136	112	248	0.00001
Empedobacter	59734	G	69	32	101	0.00000
Riemerella	34084	G	13	392	405	0.00002
Candidatus_Karelsulcia	336809	G	4	2	6	0.00000
Blattabacterium	34098	G	3	23	26	0.00000
Ichthyobacterium	1755829	G	1	0	1	0.00000
Sphingobacterium	28453	G	64317	4410	68727	0.00292
Mucilaginibacter	423349	G	73	1	74	0.00000
Pedobacter	84567	G	52	33	85	0.00000
Arcticibacter	1288026	G	1	1	2	0.00000
Leadbetterella	319458	G	4907	2821	7728	0.00033
Roseivirga	290180	G	1186	190	1376	0.00006
Spirosoma	107	G	144	0	144	0.00001
Rhodocytophaga	455076	G	4	10	14	0.00000
Hymenobacter	89966	G	62	82	144	0.00001
Pontibacter	323449	G	1	0	1	0.00000
Tellurirhabdus	2674996	G	35	2	37	0.00000
Dyadobacter	120831	G	2	0	2	0.00000
Fibrella	861914	G	1	0	1	0.00000
Flammeovirga	59739	G	5	3	8	0.00000
Algoriphagus	246875	G	2	0	2	0.00000
Candidatus_Coprenecus	2840536	G	96	26	122	0.00001
Alistipes	239759	G	30	13	43	0.00000
Bacteroides	816	G	97	288	385	0.00002
Porphyromonas	836	G	48	4	52	0.00000
Segatella	2974251	G	23	6	29	0.00000
Prevotella	838	G	4	0	4	0.00000
Xylanibacter	558436	G	1	28	29	0.00000
Duncaniella	2518495	G	1	180	181	0.00001
Draconibacterium	1471399	G	21	2	23	0.00000
Carboxylicivirga	1628153	G	4	1	5	0.00000
Chitinophaga	79328	G	194	10	204	0.00001
Flavisolibacter	398041	G	84	22	106	0.00000
Pseudocnuella	2812019	G	4	0	4	0.00000
Lewinella	70994	G	92	0	92	0.00000
Haliscomenobacter	2349	G	41	5650	5691	0.00024
Chlorobium	1091	G	752	4	756	0.00003
Chlorobaculum	256319	G	91	1	92	0.00000
Prosthecochloris	1101	G	84	3	87	0.00000
Rhodocaloribacter	2893090	G	85	1	86	0.00000
Cyclonatronum	2489367	G	1	0	1	0.00000
Candidatus_Kapaibacterium	1662329	G	1	243	244	0.00001
Gemmatirosa	1706036	G	36	3	39	0.00000
Gemmatimonas	173479	G	4	124	128	0.00001
Gaopeijia	3381669	G	1	8364	8365	0.00036
Geothrix	44675	G	112	38	150	0.00001
Mesoterricola	3074468	G	32	15	47	0.00000
Holophaga	35838	G	1	86	87	0.00000
Acidisarcina	2608728	G	7	9	16	0.00000
Tunturibacter	3154218	G	5	0	5	0.00000
Granulicella	940557	G	5	1	6	0.00000
Terriglobus	392733	G	3	0	3	0.00000
Edaphobacter	388463	G	1	0	1	0.00000
Chloracidobacterium	458032	G	1	0	1	0.00000
Candidatus_Korobacter	658061	G	1	55	56	0.00000
Paludibaculum	1649475	G	41	163	204	0.00001
Luteitalea	2004797	G	18	34	52	0.00000
Geobacter	28231	G	204	256	460	0.00002
Trichlorobacter	115782	G	182	105	287	0.00001
Geomonas	2651583	G	84	4	88	0.00000
Geotalea	2910589	G	25	4	29	0.00000
Citrifermentans	2883512	G	9	10	19	0.00000
Desulfuromonas	890	G	431	70	501	0.00002
Pelobacter	18	G	13	24	37	0.00000
Syntrophotalea	2812025	G	59	7	66	0.00000
Geoalkalibacter	392332	G	31	10	41	0.00000
Desulfovibrio	872	G	318	428	746	0.00003
Nitratidesulfovibrio	2802295	G	80	42	122	0.00001
Pseudodesulfovibrio	2035811	G	30	66	96	0.00000
Oleidesulfovibrio	2909705	G	17	201	218	0.00001
Solidesulfovibrio	2910984	G	7	6	13	0.00000
Megalodesulfovibrio	2910978	G	4	0	4	0.00000
Salidesulfovibrio	2950010	G	1	0	1	0.00000
Desulfolutivibrio	2773294	G	1	0	1	0.00000
Desulfomicrobium	898	G	24	1	25	0.00000
Desulfosarcina	2299	G	205	253	458	0.00002
Desulfobacter	2289	G	98	5	103	0.00000
Desulfospira	53328	G	3	0	3	0.00000
Desulfococcus	896	G	36	39	75	0.00000
Desulfatibacillum	218207	G	4	0	4	0.00000
Desulfobacterium	2295	G	2	19	21	0.00000
Syntrophus	43773	G	340	473	813	0.00003
Desulfobulbus	893	G	142	567	709	0.00003
Candidatus_Electrothrix	1859128	G	82	1	83	0.00000
Desulfurivibrio	427922	G	14	0	14	0.00000
Candidatus_Electronema	1859129	G	2	0	2	0.00000
Desulfolithobacter	3003266	G	2	0	2	0.00000
Desulforhopalus	40413	G	4	0	4	0.00000
Desulfomonile	2357	G	28	0	28	0.00000
Desulfoglaeba	361106	G	24	23	47	0.00000
Desulfarculus	453229	G	1	5	6	0.00000
Frigoriglobus	2774146	G	404	53	457	0.00002
Gemmata	113	G	171	192	363	0.00002
Limnoglobus	2731450	G	4	0	4	0.00000
Stieleria	2795973	G	46	323	369	0.00002
Bremerella	2714594	G	40	10	50	0.00000
Anatilimnocola	2807414	G	32	100	132	0.00001
Rosistilla	2795779	G	20	41	61	0.00000
Lignipirellula	2795775	G	3	9	12	0.00000
Mariniblastus	2005380	G	2	1	3	0.00000
Blastopirellula	265487	G	1	0	1	0.00000
Lacipirellula	2691417	G	6	0	6	0.00000
Gimesia	1649453	G	54	7	61	0.00000
Thalassoglobus	2795865	G	39	226	265	0.00001
Crateriforma	2714592	G	19	23	42	0.00000
Symmachiella	2795780	G	5	2	7	0.00000
Planctopirus	1649480	G	2	13	15	0.00000
Maioricimonas	2795777	G	1	3	4	0.00000
Tautonia	2680020	G	79	55	134	0.00001
Isosphaera	127	G	19	12	31	0.00000
Singulisphaera	466152	G	19	18	37	0.00000
Paludisphaera	1763521	G	5	3	8	0.00000
Aquisphaera	1511635	G	1	133	134	0.00001
Phycisphaera	666508	G	7	22	29	0.00000
Humisphaera	2807511	G	1	64	65	0.00000
Candidatus_Kuenenia	380738	G	4	43	47	0.00000
Candidatus_Jettenia	360731	G	2	7	9	0.00000
Candidatus_Brocadia	380240	G	2	982	984	0.00004
Nibricoccus	2576890	G	4	12	16	0.00000
Termitidicoccus	3126963	G	1	21	22	0.00000
Ruficoccus	2175957	G	35	286	321	0.00001
Luteolibacter	518753	G	11	24	35	0.00000
Akkermansia	239934	G	4	217	221	0.00001
Waddlia	71666	G	1	8	9	0.00000
Bacteriovorax	146784	G	2474	45	2519	0.00011
Micavibrio	213485	G	12	0	12	0.00000
Corallococcus	83461	G	553	4	557	0.00002
Myxococcus	32	G	46	54	100	0.00000
Pyxidicoccus	224458	G	10	18	28	0.00000
Cystobacter	42	G	72	291	363	0.00002
Archangium	47	G	5	11	16	0.00000
Melittangium	44	G	1	3	4	0.00000
Anaeromyxobacter	161492	G	19	322	341	0.00001
Pendulispora	3375062	G	3	7	10	0.00000
Haliangium	162027	G	48	24	72	0.00000
Sorangium	39643	G	25	7	32	0.00000
Polyangium	55	G	3	7	10	0.00000
Minicystis	1649470	G	1	1	2	0.00000
Labilithrix	1524217	G	1	0	1	0.00000
Nannocystis	53	G	8	771	779	0.00003
Nitrospira	1234	G	372	43	415	0.00002
Candidatus_Manganitrophus	2758103	G	27	418	445	0.00002
Poseidonibacter	2321187	G	844	127	971	0.00004
Malaciobacter	2321114	G	19	4	23	0.00000
Halarcobacter	2321115	G	4	0	4	0.00000
Sulfurimonas	202746	G	92	1	93	0.00000
Campylobacter	194	G	62	23	85	0.00000
Wolinella	843	G	45	5	50	0.00000
Helicobacter	209	G	6	0	6	0.00000
Sulfurospirillum	57665	G	2	899	901	0.00004
Borreliella	64895	G	6	0	6	0.00000
Treponema	157	G	1	44	45	0.00000
Leptospira	171	G	1	0	1	0.00000
Desulfurispirillum	393029	G	140	54	194	0.00001
Hydrogenobacter	939	G	15	0	15	0.00000
Caldithrix	187144	G	7	2	9	0.00000
Atribacter	2847777	G	2	0	2	0.00000
Candidatus_Entotheonella	93171	G	1	0	1	0.00000
Sphaerobacter	2056	G	1	0	1	0.00000
Arsenicicoccus	267408	G	20188	43118	63306	0.00269
Janibacter	53457	G	9158	19705	28863	0.00123
Phycicoccus	367298	G	2085	13511	15596	0.00066
Intrasporangium	53357	G	2035	3725	5760	0.00024
Knoellia	136099	G	1675	1753	3428	0.00015
Terrabacter	53355	G	1183	51084	52267	0.00222
Pedococcus	2805645	G	1046	1697	2743	0.00012
Oryzobacter	1849973	G	757	1957	2714	0.00012
Nostocoides	99479	G	594	54806	55400	0.00235
Humibacillus	556178	G	284	485	769	0.00003
Paeniglutamicibacter	1742990	G	11630	4465	16095	0.00068
Glutamicibacter	1742989	G	2660	812	3472	0.00015
Arthrobacter	1663	G	1790	8709	10499	0.00045
Micrococcus	1269	G	623	6384	7007	0.00030
Kocuria	57493	G	573	10937	11510	0.00049
Pseudarthrobacter	1742993	G	379	703	1082	0.00005
Citricoccus	169133	G	307	2147	2454	0.00010
Sinomonas	596707	G	42	23	65	0.00000
Rothia	32207	G	16	121	137	0.00001
Auritidibacter	1160973	G	2	0	2	0.00000
Agrococcus	46352	G	8265	19108	27373	0.00116
Microbacterium	33882	G	5881	15121	21002	0.00089
Cryobacterium	69578	G	1116	359	1475	0.00006
Curtobacterium	2034	G	224	34	258	0.00001
Pseudoclavibacter	255204	G	224	1656	1880	0.00008
Homoserinibacter	1649457	G	179	153	332	0.00001
Humibacter	427753	G	154	480	634	0.00003
Rathayibacter	33886	G	121	17	138	0.00001
Microcella	337004	G	115	120	235	0.00001
Leifsonia	110932	G	76	18	94	0.00000
Cnuibacter	1759331	G	72	38	110	0.00000
Leucobacter	55968	G	55	125	180	0.00001
Diaminobutyricimonas	1433997	G	42	21	63	0.00000
Agromyces	33877	G	41	102	143	0.00001
Gulosibacter	256818	G	35	92	127	0.00001
Microterricola	518733	G	23	13	36	0.00000
Salinibacterium	235888	G	18	7	25	0.00000
Aquiluna	529881	G	17	0	17	0.00000
Herbiconiux	881616	G	13	5	18	0.00000
Plantibacter	190323	G	5	0	5	0.00000
Mycetocola	76634	G	3	1	4	0.00000
Clavibacter	1573	G	3	3	6	0.00000
Frondihabitans	447237	G	3	4	7	0.00000
Aurantimicrobium	1705353	G	1	0	1	0.00000
Diaminobutyricibacter	1632778	G	1	0	1	0.00000
Gryllotalpicola	1195526	G	1	0	1	0.00000
Frigoribacterium	96492	G	1	0	1	0.00000
Paramicrobacterium	3110364	G	1	0	1	0.00000
Ornithinimicrobium	125287	G	13341	13575	26916	0.00114
Serinicoccus	265976	G	3694	7382	11076	0.00047
Austwickia	1184606	G	14895	31944	46839	0.00199
Gephyromycinifex	2885697	G	94	56	150	0.00001
Dermatophilus	1862	G	56	64	120	0.00001
Pseudactinotalea	1926259	G	4069	2207	6276	0.00027
Cellulomonas	1707	G	1835	9498	11333	0.00048
Actinotalea	458839	G	11	24	35	0.00000
Paraoerskovia	665568	G	10	16	26	0.00000
Brevibacterium	1696	G	4279	29164	33443	0.00142
Saxibacter	3162691	G	5	1	6	0.00000
Yimella	908935	G	1898	1624	3522	0.00015
Dermacoccus	57495	G	1366	3781	5147	0.00022
Barrientosiimonas	1535207	G	201	444	645	0.00003
Luteipulveratus	745364	G	122	94	216	0.00001
Allobranchiibius	2040262	G	81	91	172	0.00001
Georgenia	154116	G	2149	7277	9426	0.00040
Demequina	577469	G	1838	1160	2998	0.00013
Kytococcus	57499	G	931	3415	4346	0.00018
Cellulosimicrobium	157920	G	392	1780	2172	0.00009
Isoptericola	254250	G	169	87	256	0.00001
Promicromonospora	43676	G	8	7	15	0.00000
Xylanimonas	186188	G	2	3	5	0.00000
Brachybacterium	43668	G	379	1083	1462	0.00006
Dermabacter	36739	G	41	493	534	0.00002
Devriesea	472568	G	7	1	8	0.00000
Helcobacillus	1161125	G	1	2	3	0.00000
Ruania	626119	G	109	76	185	0.00001
Pengzhenrongella	2888818	G	34	47	81	0.00000
Miniimonas	947525	G	32	296	328	0.00001
Beutenbergia	84756	G	1	0	1	0.00000
Sanguibacter	60919	G	12	14	26	0.00000
Streptomyces	1883	G	38734	32004	70738	0.00300
Kitasatospora	2063	G	1077	3365	4442	0.00019
Actinacidiphila	2995702	G	38	127	165	0.00001
Embleya	2699295	G	31	23	54	0.00000
Yinghuangia	2805681	G	27	23	50	0.00000
Peterkaempfera	2995704	G	19	28	47	0.00000
Streptacidiphilus	228398	G	15	25	40	0.00000
Streptantibioticus	2995706	G	1	2	3	0.00000
Nocardioides	1839	G	8763	12388	21151	0.00090
Solicola	3024237	G	2072	1902	3974	0.00017
Aeromicrobium	2040	G	381	413	794	0.00003
Micropruina	116071	G	378	2415	2793	0.00012
Pimelobacter	2044	G	88	488	576	0.00002
Mumia	1546255	G	17	17	34	0.00000
Friedmanniella	53387	G	1	1	2	0.00000
Tessaracoccus	72763	G	3846	7703	11549	0.00049
Brooklawnia	369926	G	3157	16264	19421	0.00082
Propioniciclava	1085622	G	1147	9048	10195	0.00043
Cutibacterium	1912216	G	1123	2071	3194	0.00014
Naumannella	1294511	G	944	3381	4325	0.00018
Acidipropionibacterium	1912215	G	369	1721	2090	0.00009
Microlunatus	29404	G	344	446	790	0.00003
Propionibacterium	1743	G	316	3548	3864	0.00016
Raineyella	1911549	G	302	3499	3801	0.00016
Arachnia	2801844	G	47	30	77	0.00000
Auraticoccus	1278221	G	15	17	32	0.00000
Propionimicrobium	203133	G	6	6	12	0.00000
Kribbella	182639	G	785	399	1184	0.00005
Mycobacterium	1763	G	8819	42997	51816	0.00220
Mycolicibacterium	1866885	G	4648	7110	11758	0.00050
Mycobacteroides	670516	G	43	48	91	0.00000
Rhodococcus	1827	G	3196	9094	12290	0.00052
Nocardia	1817	G	426	240	666	0.00003
Williamsia	85043	G	18	25	43	0.00000
Rhodococcoides	3259750	G	9	55	64	0.00000
Prescottella	2979332	G	8	19	27	0.00000
Gordonia	2053	G	501	2384	2885	0.00012
Corynebacterium	1716	G	418	11000	11418	0.00048
Dietzia	37914	G	41	177	218	0.00001
Tsukamurella	2060	G	36	34	70	0.00000
Segniliparus	286801	G	29	8	37	0.00000
Tomitella	741759	G	4	68845	68849	0.00292
Kineococcus	33981	G	226	64647	64873	0.00276
Micromonospora	1873	G	5726	3722	9448	0.00040
Solwaraspora	265431	G	2026	1258	3284	0.00014
Actinoplanes	1865	G	172	43	215	0.00001
Dactylosporangium	35753	G	84	34	118	0.00001
Couchioplanes	56433	G	61	55	116	0.00000
Polymorphospora	338583	G	36	29	65	0.00000
Phytohabitans	907364	G	15	6	21	0.00000
Catellatospora	53365	G	12	10	22	0.00000
Krasilnikovia	349312	G	11	8	19	0.00000
Salinispora	168694	G	1	0	1	0.00000
Plantactinospora	673534	G	1	0	1	0.00000
Nonomuraea	83681	G	2661	2580	5241	0.00022
Streptosporangium	2000	G	57	1499	1556	0.00007
Microbispora	2005	G	43	10	53	0.00000
Sphaerisporangium	321315	G	11	15	26	0.00000
Thermobifida	83677	G	445	388	833	0.00004
Nocardiopsis	2013	G	40	7	47	0.00000
Streptomonospora	104204	G	21	13	34	0.00000
Actinomadura	1988	G	53	6	59	0.00000
Thermomonospora	2019	G	16	15	31	0.00000
Spirillospora	58122	G	9	19	28	0.00000
Actinoallomurus	667113	G	1	0	1	0.00000
Amycolatopsis	1813	G	572	1215	1787	0.00008
Pseudonocardia	1847	G	87	22	109	0.00000
Saccharopolyspora	1835	G	84	124	208	0.00001
Actinoalloteichus	65496	G	54	40	94	0.00000
Kutzneria	43356	G	42	72	114	0.00000
Lentzea	165301	G	28	2	30	0.00000
Saccharothrix	2071	G	25	93	118	0.00001
Kibdelosporangium	2029	G	15	16	31	0.00000
Streptoalloteichus	2016	G	7	28	35	0.00000
Umezawaea	583360	G	4	8	12	0.00000
Actinomycetospora	402649	G	3	3	6	0.00000
Alloactinosynnema	674734	G	2	4	6	0.00000
Actinosynnema	40566	G	1	0	1	0.00000
Prauserella	142577	G	1	0	1	0.00000
Actinokineospora	39845	G	1	3	4	0.00000
Actinomyces	1654	G	421	161	582	0.00002
Schaalia	2529408	G	79	228	307	0.00001
Buchananella	2767323	G	8	80	88	0.00000
Changpingibacter	2912996	G	3	22	25	0.00000
Flaviflexus	1522056	G	2	6	8	0.00000
Arcanobacterium	28263	G	1	6	7	0.00000
Actinobaculum	76833	G	1	6	7	0.00000
Trueperella	1069494	G	1	4	5	0.00000
Nakamurella	53460	G	340	263	603	0.00003
Bifidobacterium	1678	G	138	29	167	0.00001
Gardnerella	2701	G	17	53	70	0.00000
Frankia	1854	G	65	620	685	0.00003
Parafrankia	2994362	G	1	2	3	0.00000
Pseudofrankia	2994363	G	1	107	108	0.00000
Blastococcus	38501	G	51	72	123	0.00001
Modestobacter	88138	G	19	23	42	0.00000
Geodermatophilus	1860	G	11	713	724	0.00003
Epidermidibacterium	2078948	G	47	527	574	0.00002
Glycomyces	58113	G	31	13	44	0.00000
Jatrophihabitans	1434010	G	11	3	14	0.00000
Actinopolyspora	1849	G	11	14	25	0.00000
Catenulispora	414878	G	6	4	10	0.00000
Jiangella	281472	G	5	93264	93269	0.00396
Conexibacter	191494	G	93	127	220	0.00001
Svornostia	3231543	G	62	23	85	0.00000
Baekduia	2600304	G	37	31	68	0.00000
Paraconexibacter	2758920	G	63	21	84	0.00000
Capillimicrobium	2976759	G	50	3306	3356	0.00014
Thermoleophilum	192992	G	27	151	178	0.00001
Miltoncostaea	2843200	G	67	16660	16727	0.00071
Raoultibacter	1926677	G	259	230	489	0.00002
Gordonibacter	644652	G	4	2	6	0.00000
Coriobacterium	33870	G	55	0	55	0.00000
Collinsella	102106	G	3	3	6	0.00000
Candidatus_Limicola	2840519	G	1	2	3	0.00000
Aquihabitans	1648491	G	33	14	47	0.00000
Actinomarinicola	2789775	G	1	346	347	0.00001
Rubrobacter	42255	G	17	45	62	0.00000
Staphylococcus	1279	G	52062	58233	110295	0.00468
Mammaliicoccus	2803850	G	2	0	2	0.00000
Paenibacillus	44249	G	47974	3215	51189	0.00217
Brevibacillus	55080	G	3	0	3	0.00000
Thermobacillus	76632	G	3	0	3	0.00000
Bacillus	1386	G	53	126	179	0.00001
Priestia	2800373	G	40	0	40	0.00000
Neobacillus	2675232	G	28	13	41	0.00000
Alkalicoccus	2005375	G	23	681	704	0.00003
Sutcliffiella	2837511	G	15	3	18	0.00000
Virgibacillus	84406	G	8	0	8	0.00000
Salicibibacter	2685905	G	4	0	4	0.00000
Lysinibacillus	400634	G	4	8	12	0.00000
Oceanobacillus	182709	G	4	1	5	0.00000
Mesobacillus	2675231	G	2	1	3	0.00000
Anaerobacillus	704093	G	1	0	1	0.00000
Heyndrickxia	2837504	G	1	5	6	0.00000
Rossellomorea	2837508	G	1	0	1	0.00000
Siminovitchia	2837510	G	1	0	1	0.00000
Cytobacillus	2675230	G	1	0	1	0.00000
Sporosarcina	1569	G	12	1	13	0.00000
Planococcus	1372	G	5	0	5	0.00000
Solibacillus	648800	G	4	0	4	0.00000
Ureibacillus	160795	G	1	0	1	0.00000
Geobacillus	129337	G	10	0	10	0.00000
Anoxybacillus	150247	G	1	0	1	0.00000
Listeria	1637	G	2	0	2	0.00000
Brochothrix	2755	G	1	0	1	0.00000
Abyssicoccus	1955413	G	2	0	2	0.00000
Tetragenococcus	51668	G	17664	2139	19803	0.00084
Enterococcus	1350	G	15	41	56	0.00000
Vagococcus	2737	G	4	0	4	0.00000
Lactococcus	1357	G	14423	2796	17219	0.00073
Streptococcus	1301	G	7	1	8	0.00000
Alkalibacterium	99906	G	130	23	153	0.00001
Trichococcus	82802	G	1	0	1	0.00000
Lactobacillus	1578	G	17	86	103	0.00000
Weissella	46255	G	12	11	23	0.00000
Limosilactobacillus	2742598	G	2	5	7	0.00000
Pediococcus	1253	G	1	3	4	0.00000
Leuconostoc	1243	G	1	2	3	0.00000
Fructobacillus	559173	G	1	0	1	0.00000
Clostridium	1485	G	381	289	670	0.00003
Candidatus_Desulforudis	471826	G	13	0	13	0.00000
Flavonifractor	946234	G	17	73	90	0.00000
Saccharofermentans	1200657	G	8	18	26	0.00000
Acetivibrio	35829	G	1	1	2	0.00000
Candidatus_Limiplasma	2840594	G	40	0	40	0.00000
Thermaerobacter	73918	G	2	0	2	0.00000
Maliibacterium	3047433	G	2	2	4	0.00000
Thermincola	278993	G	1	0	1	0.00000
Enterocloster	2719313	G	40	51	91	0.00000
Candidatus_Epulonipiscium	2383	G	8	0	8	0.00000
Mediterraneibacter	2316020	G	2	4	6	0.00000
Lachnoanaerobaculum	1164882	G	1	0	1	0.00000
Defluviitalea	1185408	G	64	121	185	0.00001
Clostridioides	1870884	G	3	5	8	0.00000
Romboutsia	1501226	G	1	1	2	0.00000
Alkaliphilus	114627	G	1	0	1	0.00000
Gelria	189326	G	1	1	2	0.00000
Veillonella	29465	G	23	0	23	0.00000
Dialister	39948	G	2	11	13	0.00000
Sporomusa	2375	G	25	23	48	0.00000
Turicibacter	191303	G	22	0	22	0.00000
Sedimentibacter	190972	G	1	40	41	0.00000
Gloeobacter	33071	G	353	11	364	0.00002
Oxynema	1492710	G	6	0	6	0.00000
Oscillatoria	1158	G	4	304	308	0.00001
Crocosphaera	263510	G	11	0	11	0.00000
Microcystis	1125	G	1	0	1	0.00000
Synechococcus	1129	G	110	279	389	0.00002
Cyanobium	167375	G	15	18	33	0.00000
Synechocystis	1142	G	1	0	1	0.00000
Woronichinia	283819	G	1	0	1	0.00000
Calothrix	1186	G	22	0	22	0.00000
Nostoc	1177	G	14	18	32	0.00000
Anabaena	1163	G	1	5	6	0.00000
Dolichospermum	748770	G	8	41	49	0.00000
Nodularia	159191	G	2	34	36	0.00000
Leptolyngbya	47251	G	55	7	62	0.00000
Thermosynechococcus	146785	G	47	0	47	0.00000
Acaryochloris	155977	G	1	6	7	0.00000
Pleurocapsa	44474	G	10	0	10	0.00000
Stanieria	102115	G	8	0	8	0.00000
Hormoscilla	881023	G	16	1	17	0.00000
Thermoleptolyngbya	2303528	G	11	11	22	0.00000
Pseudanabaena	1152	G	4	0	4	0.00000
Nodosilinea	1120752	G	1	442	443	0.00002
Dehalogenimonas	670486	G	13	493	506	0.00002
Chloroflexus	1107	G	3	0	3	0.00000
Roseiflexus	120961	G	2	750	752	0.00003
Anaerolinea	233189	G	1	34	35	0.00000
Leptolinea	475966	G	1	9	10	0.00000
Caldilinea	233191	G	17	1	18	0.00000
Candidatus_Promineifilum	1988031	G	18	2	20	0.00000
Ktedonosporobacter	2692417	G	1	0	1	0.00000
Thermoflexus	1495649	G	1	0	1	0.00000
Mesomycoplasma	2923352	G	132	163	295	0.00001
Mycoplasma	2093	G	7	68	75	0.00000
Mesoplasma	46239	G	3	0	3	0.00000
Candidatus_Phytoplasma	33926	G	1	0	1	0.00000
Capsulimonas	2494209	G	40	36	76	0.00000
Candidatus_Nitrosymbiomonas	2819028	G	36	902618	902654	0.03834
Candidatus_Minisyncoccus	3238478	G	878	665	1543	0.00007
Candidatus_Nanosynbacter	2093823	G	3	130	133	0.00001
Candidatus_Sumerlaea	2315418	G	1	13618	13619	0.00058
Fusobacterium	848	G	3985	87	4072	0.00017
Sneathia	168808	G	14	1	15	0.00000
Leptotrichia	32067	G	5	0	5	0.00000
Thermus	270	G	1079	47	1126	0.00005
Meiothermus	65551	G	1	0	1	0.00000
Deinococcus	1298	G	114	91	205	0.00001
Pyramidobacter	638847	G	1	242	243	0.00001
Microvenator	2946507	G	34	0	34	0.00000
Persicimonas	2766927	G	1	0	1	0.00000
Homo	9605	G	161997	161849	323846	0.01376
Pan	9596	G	2123	1358	3481	0.00015
Gorilla	9592	G	128	73	201	0.00001
Pongo	9599	G	199	76	275	0.00001
Nomascus	325165	G	28	21	49	0.00000
Hoolock	325167	G	21	3	24	0.00000
Symphalangus	325166	G	16	11	27	0.00000
Hylobates	9578	G	5	4	9	0.00000
Macaca	9539	G	120	66	186	0.00001
Chlorocebus	392815	G	14	4	18	0.00000
Cercocebus	9529	G	2	3	5	0.00000
Papio	9554	G	2	3	5	0.00000
Rhinopithecus	542827	G	11	14	25	0.00000
Trachypithecus	54136	G	5	3	8	0.00000
Piliocolobus	591932	G	4	2	6	0.00000
Colobus	9570	G	1	0	1	0.00000
Callithrix	9481	G	10	1	11	0.00000
Saimiri	9520	G	1	0	1	0.00000
Aotus	9504	G	4	1	5	0.00000
Propithecus	30600	G	66	7	73	0.00000
Eulemur	13513	G	1	1	2	0.00000
Nycticebus	9469	G	1	3	4	0.00000
Mus	10088	G	5721	369	6090	0.00026
Rattus	10114	G	1	0	1	0.00000
Meriones	10046	G	1	5	6	0.00000
Cricetulus	10028	G	20	0	20	0.00000
Peromyscus	10040	G	10	0	10	0.00000
Arvicola	10049	G	1	0	1	0.00000
Castor	10184	G	20	1	21	0.00000
Dipodomys	10016	G	7	1	8	0.00000
Perognathus	37442	G	2	0	2	0.00000
Cavia	10140	G	1	0	1	0.00000
Ictidomys	1141640	G	1	0	1	0.00000
Oryctolagus	9984	G	6	0	6	0.00000
Ochotona	9977	G	2	0	2	0.00000
Ovis	9935	G	490	22219	22709	0.00096
Bos	9903	G	15	295	310	0.00001
Bubalus	9918	G	5	426	431	0.00002
Cervus	9859	G	6	696	702	0.00003
Odocoileus	9871	G	3	70	73	0.00000
Moschus	68410	G	1	24	25	0.00000
Eschrichtius	9763	G	11	32	43	0.00000
Pseudorca	82173	G	1	3	4	0.00000
Phocoena	9741	G	1	7	8	0.00000
Hippopotamus	9832	G	1	0	1	0.00000
Sus	9822	G	9	2	11	0.00000
Camelus	9836	G	2	2	4	0.00000
Equus	9789	G	2309	212	2521	0.00011
Diceros	9804	G	13	4	17	0.00000
Phyllostomus	9422	G	78	13	91	0.00000
Desmodus	9429	G	1	0	1	0.00000
Miniopterus	9432	G	7	1	8	0.00000
Pipistrellus	27671	G	1	2	3	0.00000
Saccopteryx	59481	G	1	0	1	0.00000
Hipposideros	58068	G	5	1	6	0.00000
Rhinolophus	49442	G	2	0	2	0.00000
Pteropus	9401	G	2	0	2	0.00000
Sorex	9379	G	37	2	39	0.00000
Suncus	9377	G	5	0	5	0.00000
Canis	9611	G	9	4	13	0.00000
Vulpes	9625	G	1	0	1	0.00000
Nyctereutes	34879	G	1	0	1	0.00000
Ailuropoda	9645	G	4	0	4	0.00000
Ursus	9639	G	1	0	1	0.00000
Callorhinus	34883	G	1	4	5	0.00000
Mustela	9665	G	1	0	1	0.00000
Panthera	9688	G	3	0	3	0.00000
Manis	9973	G	1	0	1	0.00000
Dasypus	9360	G	184	5	189	0.00001
Choloepus	9357	G	2	0	2	0.00000
Loxodonta	9784	G	2	2	4	0.00000
Monodelphis	13615	G	3	0	3	0.00000
Sarcophilus	9304	G	1	0	1	0.00000
Notamacropus	1960649	G	1	0	1	0.00000
Ornithorhynchus	9257	G	1	0	1	0.00000
Gallus	9030	G	78045	3675	81720	0.00347
Meleagris	9102	G	15730	81	15811	0.00067
Tympanuchus	9003	G	2	0	2	0.00000
Centrocercus	9001	G	1	0	1	0.00000
Anser	8842	G	6	9	15	0.00000
Anas	8835	G	3	0	3	0.00000
Taeniopygia	59728	G	4	25	29	0.00000
Passer	9159	G	2	14	16	0.00000
Anomalospiza	187416	G	1	9	10	0.00000
Chiroxiphia	196026	G	1	14	15	0.00000
Pezoporus	35539	G	1	22	23	0.00000
Haliaeetus	8968	G	2	164	166	0.00001
Tyto	56312	G	1	25	26	0.00000
Apus	8894	G	4	68	72	0.00000
Calypte	9243	G	1	11	12	0.00000
Apteryx	8821	G	881	3	884	0.00004
Nothoprocta	8806	G	6	0	6	0.00000
Crocodylus	8500	G	58	1	59	0.00000
Chelonia	8468	G	2	6	8	0.00000
Caretta	8466	G	1	2	3	0.00000
Dermochelys	27793	G	1	2	3	0.00000
Mauremys	74925	G	1	2	3	0.00000
Podarcis	42163	G	2	23	25	0.00000
Rhineura	261502	G	1	0	1	0.00000
Thamnophis	34999	G	3	2	5	0.00000
Gekko	8565	G	5	0	5	0.00000
Pelobates	61615	G	14	0	14	0.00000
Spea	30316	G	1	0	1	0.00000
Xenopus	8353	G	9	0	9	0.00000
Dendropsophus	374069	G	1	0	1	0.00000
Pleurodeles	8317	G	20	0	20	0.00000
Ambystoma	8295	G	2	0	2	0.00000
Oryzias	8089	G	159	43	202	0.00001
Cololabis	129042	G	1	1	2	0.00000
Kryptolebias	326431	G	91	114	205	0.00001
Cyprinodon	28741	G	3	3	6	0.00000
Oreochromis	8139	G	7	28	35	0.00000
Hemichromis	50797	G	1	27	28	0.00000
Archocentrus	61816	G	5	15	20	0.00000
Gouania	210581	G	1	0	1	0.00000
Pungitius	134919	G	80	91	171	0.00001
Anarrhichthys	433404	G	1	6	7	0.00000
Perca	8166	G	31	352	383	0.00002
Etheostoma	54318	G	1	6	7	0.00000
Epinephelus	94231	G	2	0	2	0.00000
Notolabrus	98381	G	16	54	70	0.00000
Cheilinus	202584	G	15	47	62	0.00000
Labrus	30799	G	3	0	3	0.00000
Acanthopagrus	8176	G	4	34	38	0.00000
Takifugu	31032	G	1	1	2	0.00000
Syngnathoides	300416	G	15	3	18	0.00000
Nerophis	159076	G	2	1	3	0.00000
Entelurus	161454	G	1	0	1	0.00000
Hippocampus	72046	G	13	6	19	0.00000
Seriola	8160	G	3	80	83	0.00000
Toxotes	270536	G	1	16	17	0.00000
Zapogon	638294	G	1	21	22	0.00000
Boleophthalmus	150287	G	1	0	1	0.00000
Gadus	8048	G	24	18	42	0.00000
Melanogrammus	8055	G	4	0	4	0.00000
Osmerus	8013	G	62	0	62	0.00000
Oncorhynchus	8016	G	5	4	9	0.00000
Salmo	8028	G	5	3	8	0.00000
Esox	8009	G	4	1	5	0.00000
Danio	7954	G	187	23	210	0.00001
Cyprinus	7961	G	5	6	11	0.00000
Carassius	7956	G	4	4	8	0.00000
Onychostoma	369638	G	2	2	4	0.00000
Misgurnus	7983	G	1	0	1	0.00000
Triplophysa	341122	G	1	0	1	0.00000
Astyanax	7993	G	69	13	82	0.00000
Semaprochilodus	143039	G	1	2	3	0.00000
Pygocentrus	42513	G	1	0	1	0.00000
Silurus	94992	G	27	2	29	0.00000
Ictalurus	7997	G	4	0	4	0.00000
Clarias	13012	G	4	0	4	0.00000
Pangasianodon	30992	G	1	0	1	0.00000
Clupea	7949	G	1	0	1	0.00000
Paramormyrops	91732	G	3	2	5	0.00000
Brienomyrus	42634	G	1	1	2	0.00000
Anguilla	7935	G	11	0	11	0.00000
Conger	7942	G	9	1	10	0.00000
Lepisosteus	7916	G	17	3	20	0.00000
Amia	7923	G	8	4	12	0.00000
Acipenser	7901	G	4	0	4	0.00000
Erpetoichthys	27686	G	40	6	46	0.00000
Mobula	86365	G	12	0	12	0.00000
Hemiscyllium	170819	G	1	4	5	0.00000
Lampetra	13103	G	22	6	28	0.00000
Petromyzon	7756	G	2	2	4	0.00000
Branchiostoma	7737	G	5	0	5	0.00000
Anneissia	1529434	G	12	0	12	0.00000
Lytechinus	7652	G	1	0	1	0.00000
Strongylocentrotus	7664	G	1	0	1	0.00000
Saccoglossus	10222	G	1	0	1	0.00000
Aedes	7158	G	364	266	630	0.00003
Armigeres	124916	G	1	0	1	0.00000
Uranotaenia	139055	G	12	0	12	0.00000
Culex	7174	G	8	14	22	0.00000
Anopheles	7164	G	22	7	29	0.00000
Chironomus	7150	G	30	0	30	0.00000
Contarinia	153220	G	3	0	3	0.00000
Bradysia	35571	G	1	0	1	0.00000
Phlebotomus	13203	G	1	0	1	0.00000
Drosophila	7215	G	59	7	66	0.00000
Scaptodrosophila	7354	G	11	2	13	0.00000
Rhagoletis	28609	G	5	2	7	0.00000
Anastrepha	28585	G	1	1	2	0.00000
Eurosta	28593	G	1	0	1	0.00000
Ogyris	191983	G	153	680	833	0.00004
Pararge	111932	G	7	0	7	0.00000
Bicyclus	110367	G	6	1	7	0.00000
Danaus	13036	G	3	0	3	0.00000
Nymphalis	76218	G	2	0	2	0.00000
Colias	42295	G	2	0	2	0.00000
Helicoverpa	7112	G	14	0	14	0.00000
Trichoplusia	7110	G	5	0	5	0.00000
Amyelois	680682	G	1	0	1	0.00000
Biston	82594	G	1	57	58	0.00000
Cydia	82599	G	3	0	3	0.00000
Cardiocondyla	235541	G	4	2	6	0.00000
Monomorium	55077	G	2	0	2	0.00000
Atta	12956	G	1	0	1	0.00000
Dinoponera	369122	G	7	2	9	0.00000
Formica	72766	G	1	0	1	0.00000
Ooceraea	2015172	G	1	0	1	0.00000
Osmia	124287	G	6	1	7	0.00000
Ceratina	78173	G	3	0	3	0.00000
Nomia	178049	G	2	0	2	0.00000
Megalopta	115080	G	1	0	1	0.00000
Prorops	863736	G	3	1	4	0.00000
Vespa	7443	G	1	0	1	0.00000
Vespula	7451	G	1	0	1	0.00000
Copidosoma	29052	G	3	0	3	0.00000
Nasonia	7424	G	3	0	3	0.00000
Phymastichus	108666	G	1	0	1	0.00000
Leptopilina	63429	G	5	4	9	0.00000
Orussus	27529	G	34	0	34	0.00000
Monophadnoides	1141358	G	7	11	18	0.00000
Agrilus	195164	G	5	0	5	0.00000
Photinus	7053	G	1	0	1	0.00000
Sitophilus	7045	G	2	0	2	0.00000
Dendroctonus	77156	G	1	0	1	0.00000
Zophobas	7073	G	1	0	1	0.00000
Tribolium	7069	G	1	0	1	0.00000
Ctenocephalides	7514	G	8	8	16	0.00000
Timema	61471	G	540	19	559	0.00002
Zootermopsis	7502	G	6	7	13	0.00000
Rhopalosiphum	40931	G	21	0	21	0.00000
Melanaphis	345571	G	7	2	9	0.00000
Adelges	38118	G	1	0	1	0.00000
Daktulosphaira	58001	G	1	0	1	0.00000
Bemisia	7037	G	1	0	1	0.00000
Planococcus	40929	G	1	0	1	0.00000
Thrips	45057	G	11	1	12	0.00000
Frankliniella	45059	G	1	0	1	0.00000
Pediculus	121222	G	3	0	3	0.00000
Folsomia	158440	G	1	0	1	0.00000
Macrobrachium	6696	G	114	6	120	0.00001
Palaemon	117982	G	1	0	1	0.00000
Portunus	80835	G	75	4	79	0.00000
Eriocheir	95601	G	10	0	10	0.00000
Homarus	6705	G	2	0	2	0.00000
Penaeus	133894	G	12	0	12	0.00000
Hyalella	199487	G	9	385	394	0.00002
Caligus	217164	G	11	2	13	0.00000
Cyprideis	163713	G	82	4	86	0.00000
Darwinula	69354	G	38	1	39	0.00000
Daphnia	6668	G	3	1	4	0.00000
Oppiella	334624	G	464	346	810	0.00003
Medioppia	1979940	G	79	15	94	0.00000
Tetranychus	32263	G	5	0	5	0.00000
Ixodes	6944	G	59	11	70	0.00000
Dermacentor	34619	G	4	0	4	0.00000
Stegodyphus	175340	G	5	0	5	0.00000
Nephila	6914	G	2	15	17	0.00000
Harpactocrates	119154	G	1	13	14	0.00000
Priapulus	37847	G	1097	116	1213	0.00005
Diploscapter	55799	G	118	2112	2230	0.00009
Litoditis	1654676	G	2	17	19	0.00000
Caenorhabditis	6237	G	60	7	67	0.00000
Necator	51030	G	1	9	10	0.00000
Allodiplogaster	1615864	G	5	188	193	0.00001
Strongyloides	6247	G	16	0	16	0.00000
Monanema	992334	G	13	33	46	0.00000
Brugia	6278	G	1	0	1	0.00000
Haliotis	6452	G	2300	51	2351	0.00010
Physella	175859	G	56	21	77	0.00000
Mytilus	6548	G	23	6	29	0.00000
Mizuhopecten	186466	G	2	0	2	0.00000
Argopecten	31198	G	1	0	1	0.00000
Crassostrea	6564	G	2	0	2	0.00000
Dreissena	45951	G	3	0	3	0.00000
Spirometra	46580	G	185	1	186	0.00001
Schistosoma	6181	G	2	0	2	0.00000
Helobdella	6411	G	4	1	5	0.00000
Parasmittina	192926	G	1	2	3	0.00000
Dendronephthya	51109	G	7	1	8	0.00000
Hydra	6083	G	1	0	1	0.00000
Bolinopsis	51106	G	1	0	1	0.00000
Corticium	121491	G	1	0	1	0.00000
Wolfiporia	81055	G	970	1415	2385	0.00010
Trametes	5324	G	104	1	105	0.00000
Lentinus	5357	G	2	0	2	0.00000
Taiwanofungus	320360	G	58	375	433	0.00002
Antrodia	40415	G	58	109	167	0.00001
Gloeophyllum	40443	G	338	1	339	0.00001
Rhizoctonia	1322061	G	197	225	422	0.00002
Fulvifomes	188403	G	1	5	6	0.00000
Termitomyces	71927	G	9	192	201	0.00001
Agaricus	5340	G	1	0	1	0.00000
Guyanagaster	866547	G	1	2	3	0.00000
Suillus	5379	G	33	0	33	0.00000
Trichosporon	5552	G	8	0	8	0.00000
Kwoniella	490731	G	6	0	6	0.00000
Filobasidium	5209	G	1	0	1	0.00000
Bannoa	111309	G	92	0	92	0.00000
Puccinia	5296	G	6	0	6	0.00000
Sporisorium	63265	G	7	0	7	0.00000
Tilletiaria	5280	G	1	0	1	0.00000
Pseudomicrostroma	1981958	G	1	0	1	0.00000
Malassezia	55193	G	1	0	1	0.00000
Penicillium	5073	G	136	308	444	0.00002
Aspergillus	5052	G	3	2	5	0.00000
Cladophialophora	82105	G	1	0	1	0.00000
Cyphellophora	226991	G	1	0	1	0.00000
Alternaria	5598	G	180	4760	4940	0.00021
Bipolaris	33194	G	2	0	2	0.00000
Plenodomus	118259	G	5	0	5	0.00000
Ascochyta	5453	G	4	1203	1207	0.00005
Parastagonospora	1351751	G	2	0	2	0.00000
Lophium	390887	G	1	38	39	0.00000
Cercospora	29002	G	2	0	2	0.00000
Aureobasidium	5579	G	1	0	1	0.00000
Phyllosticta	121621	G	1	0	1	0.00000
Trichoderma	5543	G	59	10	69	0.00000
Hypocrella	42305	G	21	14	35	0.00000
Pochonia	243023	G	4	0	4	0.00000
Cordyceps	45234	G	12	0	12	0.00000
Geosmithia	241409	G	3	0	3	0.00000
Colletotrichum	5455	G	16	2	18	0.00000
Verticillium	1036719	G	2	0	2	0.00000
Sodiomyces	1401161	G	1	0	1	0.00000
Madurella	100815	G	5	23	28	0.00000
Chaetomium	5149	G	3	0	3	0.00000
Lasiosphaeria	92901	G	2	0	2	0.00000
Gaeumannomyces	29849	G	5	0	5	0.00000
Sporothrix	29907	G	2	0	2	0.00000
Cryphonectria	5115	G	2	0	2	0.00000
Apiospora	1811811	G	8	1	9	0.00000
Pseudomassariella	1812772	G	2	0	2	0.00000
Pseudogymnoascus	78156	G	34	2	36	0.00000
Botrytis	33196	G	1	0	1	0.00000
Cadophora	210567	G	1	0	1	0.00000
Letharia	112415	G	11	0	11	0.00000
Bacidia	93111	G	1	0	1	0.00000
Xanthoria	88741	G	1	5	6	0.00000
Nephroma	48858	G	1	0	1	0.00000
Scheffersomyces	766733	G	36	0	36	0.00000
Lipomyces	29828	G	17	0	17	0.00000
Dipodascopsis	27312	G	4	0	4	0.00000
Wickerhamiella	45787	G	1	0	1	0.00000
Protomyces	27331	G	7	57	64	0.00000
Gilbertella	101095	G	13	0	13	0.00000
Mycotypha	64629	G	1	162	163	0.00001
Monosiga	81525	G	2	0	2	0.00000
Capsaspora	192874	G	1	0	1	0.00000
Circaeaster	39162	G	134433	48710	183143	0.00778
Kingdonia	39163	G	1	1	2	0.00000
Papaver	3468	G	8	0	8	0.00000
Meconopsis	72195	G	1	2	3	0.00000
Corydalis	3463	G	3	2	5	0.00000
Pulsatilla	46977	G	1	0	1	0.00000
Anemoclema	640771	G	1	1	2	0.00000
Anemone	3137121	G	1	1	2	0.00000
Adonis	46984	G	1	0	1	0.00000
Aquilegia	3450	G	2	71	73	0.00000
Bongardia	39153	G	1	1	2	0.00000
Plagiorhegma	1895012	G	1	1	2	0.00000
Gymnospermium	168830	G	1	3	4	0.00000
Oryza	4527	G	11664	15031	26695	0.00113
Triticum	4564	G	34	85	119	0.00001
Aegilops	4480	G	1	6	7	0.00000
Lolium	4520	G	1	0	1	0.00000
Brachypodium	15367	G	1	0	1	0.00000
Phyllostachys	15747	G	1	0	1	0.00000
Eragrostis	38413	G	66	0	66	0.00000
Zea	4575	G	32	9	41	0.00000
Saccharum	4546	G	3	0	3	0.00000
Paspalum	147271	G	3	6	9	0.00000
Digitaria	66017	G	9	3	12	0.00000
Setaria	4554	G	2	6	8	0.00000
Phragmites	15745	G	6	0	6	0.00000
Ananas	4614	G	18	0	18	0.00000
Anarthria	98871	G	1	0	1	0.00000
Musa	4640	G	362	1	363	0.00002
Zingiber	4650	G	7	0	7	0.00000
Thaumatococcus	4620	G	1	1	2	0.00000
Ravenala	4663	G	1	1	2	0.00000
Elaeis	51952	G	82	2	84	0.00000
Beccariophoenix	131258	G	1	20	21	0.00000
Phoenix	4719	G	1	0	1	0.00000
Johannesteijsmannia	115480	G	1	7	8	0.00000
Callisia	168059	G	2	3	5	0.00000
Dendrobium	37818	G	190	0	190	0.00001
Corallorhiza	48525	G	1	0	1	0.00000
Yoania	1325470	G	1	0	1	0.00000
Cymbidium	14366	G	2	0	2	0.00000
Neottia	48533	G	1	2	3	0.00000
Gastrodia	91200	G	1	0	1	0.00000
Galeola	518735	G	1	0	1	0.00000
Allium	4678	G	2	3	5	0.00000
Xanthorrhoea	39536	G	1	0	1	0.00000
Dioscorea	4672	G	40	3	43	0.00000
Erythronium	49641	G	1	7	8	0.00000
Gagea	82208	G	1	1	2	0.00000
Spirodela	4473	G	110	0	110	0.00000
Wolffia	161109	G	1	2	3	0.00000
Vallisneria	26336	G	1	0	1	0.00000
Ottelia	55482	G	1	0	1	0.00000
Hydrocleys	55465	G	1	0	1	0.00000
Prunus	3754	G	1070	627	1697	0.00007
Malus	3749	G	11	56	67	0.00000
Rosa	3764	G	286	28	314	0.00001
Fragaria	3746	G	1	38	39	0.00000
Cannabis	3482	G	942	265	1207	0.00005
Ziziphus	72171	G	89	14	103	0.00000
Hippophae	48233	G	2	71	73	0.00000
Pouzolzia	344861	G	1	22	23	0.00000
Linum	4005	G	1328	589	1917	0.00008
Hevea	3980	G	1	2	3	0.00000
Manihot	3982	G	1	1	2	0.00000
Mercurialis	3984	G	2	1	3	0.00000
Ricinus	3987	G	1	0	1	0.00000
Euphorbia	3990	G	1	25	26	0.00000
Malpighia	17047	G	8	2	10	0.00000
Populus	3689	G	7	8	15	0.00000
Ctenolophon	125021	G	2	47	49	0.00000
Passiflora	3684	G	2	16	18	0.00000
Sauvagesia	58867	G	1	14	15	0.00000
Caryocar	72384	G	1	22	23	0.00000
Hypericum	55962	G	1	14	15	0.00000
Licania	22986	G	1	132	133	0.00001
Cucumis	3655	G	16	29	45	0.00000
Benincasa	102210	G	1	25	26	0.00000
Cucurbita	3660	G	26	86	112	0.00000
Momordica	3671	G	4	128	132	0.00001
Prosopis	35715	G	44	5	49	0.00000
Glycine	3846	G	17	2	19	0.00000
Tephrosia	47097	G	1	160	161	0.00001
Medicago	3877	G	2	9	11	0.00000
Trifolium	3898	G	1	0	1	0.00000
Astragalus	20400	G	1	43	44	0.00000
Onobrychis	3881	G	1	6	7	0.00000
Pisum	3887	G	1	0	1	0.00000
Gastrolobium	140914	G	6	0	6	0.00000
Stylosanthes	35627	G	1	13	14	0.00000
Geoffroea	107361	G	1	28	29	0.00000
Juglans	16718	G	5	10	15	0.00000
Corylus	13450	G	2	0	2	0.00000
Betula	3504	G	1	53	54	0.00000
Casuarina	3521	G	1	0	1	0.00000
Euonymus	4306	G	1	0	1	0.00000
Tripterygium	123484	G	1	0	1	0.00000
Zygophyllum	66651	G	1	23	24	0.00000
Brassica	3705	G	242	45	287	0.00001
Raphanus	3725	G	1	0	1	0.00000
Arabidopsis	3701	G	1	0	1	0.00000
Camelina	71323	G	1	0	1	0.00000
Physaria	98028	G	1	117	118	0.00001
Carica	3648	G	9	1	10	0.00000
Gossypium	3633	G	2	3	5	0.00000
Hibiscus	47605	G	1	0	1	0.00000
Durio	66655	G	1	0	1	0.00000
Rhodamnia	178132	G	11	0	11	0.00000
Myrcia	375249	G	1	72	73	0.00000
Melastoma	119952	G	1	0	1	0.00000
Ochthocharis	2136647	G	1	17	18	0.00000
Oenothera	3939	G	1	0	1	0.00000
Citrus	2706	G	3	0	3	0.00000
Commiphora	43868	G	1	63	64	0.00000
Geranium	4028	G	2	8	10	0.00000
Erodium	21555	G	1	13	14	0.00000
Vitis	3603	G	32	4	36	0.00000
Solanum	4107	G	97	64	161	0.00001
Lycium	24646	G	7	0	7	0.00000
Datura	4074	G	1	64	65	0.00000
Nicotiana	4085	G	4	17	21	0.00000
Evolvulus	113200	G	1	8	9	0.00000
Salvia	21880	G	99	7	106	0.00000
Sphenodesme	549647	G	1	27	28	0.00000
Rotheca	228416	G	1	7	8	0.00000
Orobanche	36747	G	1	0	1	0.00000
Xylanche	3082012	G	1	6	7	0.00000
Striga	4169	G	1	2	3	0.00000
Erythranthe	1502711	G	2	0	2	0.00000
Amphilophium	353918	G	1	0	1	0.00000
Cynanchum	126747	G	4	31	35	0.00000
Gentiana	21496	G	1	0	1	0.00000
Faramea	58420	G	1	11	12	0.00000
Tiquilia	111109	G	1	13	14	0.00000
Helianthus	4231	G	26	4	30	0.00000
Constancea	149417	G	1	41	42	0.00000
Ainsliaea	41469	G	1	51	52	0.00000
Lactuca	4235	G	1	0	1	0.00000
Cyclocodon	649673	G	1	79	80	0.00000
Seseli	40951	G	1	35	36	0.00000
Delarbrea	46392	G	2	26	28	0.00000
Aralia	13340	G	1	0	1	0.00000
Lonicera	49606	G	2	0	2	0.00000
Kolkwitzia	105267	G	1	37	38	0.00000
Helwingia	16914	G	1	105	106	0.00000
Phyllonoma	23085	G	1	22	23	0.00000
Gonocaryum	85208	G	2	33	35	0.00000
Actinidia	3624	G	9	0	9	0.00000
Rhododendron	4346	G	3	0	3	0.00000
Enkianthus	13507	G	1	14	15	0.00000
Pityopus	176254	G	1	1	2	0.00000
Diospyros	13492	G	4	0	4	0.00000
Camellia	4441	G	2	0	2	0.00000
Sinojackia	55370	G	1	622	623	0.00003
Chenopodium	3558	G	7	1	8	0.00000
Spinacia	3561	G	2	0	2	0.00000
Halogeton	454497	G	1	14	15	0.00000
Beta	3554	G	1	0	1	0.00000
Fagopyrum	3616	G	3	0	3	0.00000
Polygonum	46786	G	1	0	1	0.00000
Rheum	3620	G	1	122	123	0.00001
Halophytum	124816	G	1	32	33	0.00000
Spergularia	157640	G	1	0	1	0.00000
Silene	3573	G	1	0	1	0.00000
Amaranthus	3564	G	1	0	1	0.00000
Hypertelis	115634	G	1	0	1	0.00000
Microtea	696523	G	1	14	15	0.00000
Drosera	4363	G	1	0	1	0.00000
Limeum	98042	G	1	63	64	0.00000
Tolypanthus	529600	G	1	10	11	0.00000
Harmandia	693276	G	1	10	11	0.00000
Strombosia	70869	G	1	39	40	0.00000
Malania	397391	G	1	0	1	0.00000
Dulacia	350422	G	1	15	16	0.00000
Phedimus	91118	G	1	112	113	0.00000
Dudleya	23003	G	1	14	15	0.00000
Chunia	96567	G	1	17	18	0.00000
Telopea	54954	G	54	8	62	0.00000
Macadamia	4329	G	7	0	7	0.00000
Canella	3425	G	2	8	10	0.00000
Chimonanthus	13418	G	1	0	1	0.00000
Zippelia	126645	G	1	1	2	0.00000
Nymphaea	4418	G	3	0	3	0.00000
Pinus	3337	G	3	0	3	0.00000
Monoraphidium	34111	G	12	2	14	0.00000
Volvox	3066	G	7	6	13	0.00000
Coccomyxa	41891	G	5	7	12	0.00000
Mantoniella	13607	G	14	2	16	0.00000
Paramecium	5884	G	37937	2226	40163	0.00171
Frontonia	60002	G	1	0	1	0.00000
Tetrahymena	5890	G	18	25	43	0.00000
Ichthyophthirius	5931	G	6	0	6	0.00000
Cyclospora	44417	G	92	6	98	0.00000
Eimeria	5800	G	1	0	1	0.00000
Cryptosporidium	5806	G	5	0	5	0.00000
Plasmodium	5820	G	14	1	15	0.00000
Babesia	5864	G	1	0	1	0.00000
Dinophysis	47933	G	1	67	68	0.00000
Collozoum	65591	G	41	170	211	0.00001
Sphaerozoum	65589	G	2	8	10	0.00000
Phytophthora	4783	G	6	0	6	0.00000
Saprolegnia	4769	G	1	0	1	0.00000
Actinoptychus	216789	G	1	0	1	0.00000
Naegleria	5761	G	822	47	869	0.00004
Trypanosoma	5690	G	10	0	10	0.00000
Leptomonas	5683	G	1	0	1	0.00000
Grateloupia	31454	G	1	0	1	0.00000
Lympha	2283536	G	1	101	102	0.00000
Entamoeba	5758	G	19	0	19	0.00000
Cavenderia	2058187	G	3	717	720	0.00003
Emiliania	2902	G	1	0	1	0.00000
Natrinema	88723	G	21	11	32	0.00000
Halovivax	332951	G	17	0	17	0.00000
Natronobeatus	3065678	G	14	2	16	0.00000
Haloferax	2251	G	15	781	796	0.00003
Haloplanus	376170	G	13	2	15	0.00000
Salinigranum	1644057	G	2	16	18	0.00000
Natronomonas	63743	G	1	0	1	0.00000
Halomarina	871740	G	1	0	1	0.00000
Halorientalis	1073987	G	1	1	2	0.00000
Candidatus_Methanogaster	3386252	G	7	9	16	0.00000
Pyrobaculum	2276	G	1	5	6	0.00000
Tequatrovirus	10663	G	158585	85431	244016	0.01036
Mosigvirus	1913652	G	44	28	72	0.00000
Dhakavirus	1914165	G	4	10	14	0.00000
Gaprivervirus	1913654	G	3	0	3	0.00000
Karamvirus	1913650	G	2	0	2	0.00000
Jiaodavirus	1985325	G	2	0	2	0.00000
Gelderlandvirus	1913653	G	1	0	1	0.00000
Tegunavirus	1921704	G	1	0	1	0.00000
Kanagawavirus	2843399	G	1	0	1	0.00000
Bragavirus	2948639	G	1	1004	1005	0.00004
Jerseyvirus	1910991	G	534	14	548	0.00002
Skatevirus	2948910	G	529	64	593	0.00003
Coeurvirus	3044691	G	36	9	45	0.00000
Fromanvirus	186764	G	1	1	2	0.00000
Marfavirus	2843419	G	1	0	1	0.00000
Vojvodinavirus	2733220	G	1	1	2	0.00000
Justusliebigvirus	2948775	G	1	0	1	0.00000
Tsamsavirus	3044849	G	1	0	1	0.00000
Sinsheimervirus	1910954	G	186	371	557	0.00002
Gequatrovirus	1910952	G	2	0	2	0.00000
Alphatrevirus	1910951	G	1	48	49	0.00000
Sicinivirus	1755587	G	9	3	12	0.00000
Potyvirus	12195	G	2	0	2	0.00000
Poacevirus	1230390	G	1	116	117	0.00000
Chlorovirus	181083	G	16	10759	10775	0.00046
Candidatus_Moraniibacteriota bacterium	2045217	S	4140	9543	13683	0.00058
Candidatus_Kaiserbacteria bacterium	2030810	S	1	0	1	0.00000
Candidatus_Nomurabacteria bacterium	2052152	S	72	274	346	0.00001
Solirubrobacterales bacterium	768556	S	47604	45041	92645	0.00394
