name	taxonomy_id	taxonomy_lvl	kraken_assigned_reads	added_reads	new_est_reads	fraction_total_reads
Delftia	80865	G	1071547	625542	1697089	0.29044
Polaromonas	52972	G	2398	383	2781	0.00048
Hydrogenophaga	47420	G	1861	1276	3137	0.00054
Diaphorobacter	238749	G	163	19736	19899	0.00341
Ottowia	219181	G	135	39	174	0.00003
Comamonas	283	G	10	20	30	0.00001
Variovorax	34072	G	7	0	7	0.00000
Melaminivora	1649468	G	7	8	15	0.00000
Bordetella	517	G	2953	5347	8300	0.00142
Neopusillimonas	2987605	G	64	87	151	0.00003
Achromobacter	222	G	10	10	20	0.00000
Alcaligenes	507	G	4	230	234	0.00004
Orrella	1921582	G	4	1	5	0.00000
Oligella	90243	G	1	0	1	0.00000
Cupriavidus	106589	G	107	176	283	0.00005
Pandoraea	93217	G	2	0	2	0.00000
Ideonella	36862	G	3	2	5	0.00000
Thauera	33057	G	578710	398991	977701	0.16732
Azoarcus	12960	G	5073	2189	7262	0.00124
Pseudazoarcus	2891323	G	4463	1825	6288	0.00108
Parazoarcus	2891322	G	1033	1035	2068	0.00035
Zoogloea	349	G	32	334	366	0.00006
Pseudothauera	2891324	G	2	62	64	0.00001
Dechloromonas	73029	G	5859	2655	8514	0.00146
Ferribacterium	88875	G	1014	1595	2609	0.00045
Azonexus	146936	G	39	84	123	0.00002
Aromatoleum	551759	G	7499	3151	10650	0.00182
Azospira	146937	G	470	2440	2910	0.00050
Nitrosomonas	914	G	25302	35878	61180	0.01047
Sterolibacterium	157591	G	2604	1326	3930	0.00067
Denitratisoma	311181	G	12	2	14	0.00000
Methylobacillus	404	G	2	2	4	0.00000
Candidatus_Accumulibacter	327159	G	196	4470	4666	0.00080
Nitrobacter	911	G	189625	91074	280699	0.04804
Bradyrhizobium	374	G	3076	0	3076	0.00053
Ochrobactrum	528	G	467	7764	8231	0.00141
Brucella	234	G	13	0	13	0.00000
Methylobacterium	407	G	18	0	18	0.00000
Bartonella	773	G	21	0	21	0.00000
Novosphingobium	165696	G	95628	99621	195249	0.03341
Sphingomonas	13687	G	31183	12432	43615	0.00746
Sphingobium	165695	G	19840	41421	61261	0.01048
Sphingopyxis	165697	G	3116	5684	8800	0.00151
Tardibacter	2685927	G	726	2827	3553	0.00061
Rhizorhabdus	1649486	G	37	99	136	0.00002
Sphingorhabdus	1434046	G	8	0	8	0.00000
Novosphingopyxis	2709686	G	2	5	7	0.00000
Croceicoccus	1295327	G	2127	7109	9236	0.00158
Porphyrobacter	1111	G	426	946	1372	0.00023
Erythrobacter	1041	G	5	0	5	0.00000
Aurantiacibacter	2800681	G	153	98	251	0.00004
Qipengyuania	1855416	G	81	244	325	0.00006
Altererythrobacter	361177	G	66	16	82	0.00001
Croceibacterium	2676755	G	2	1	3	0.00000
Pelagerythrobacter	2800685	G	1	931	932	0.00016
Caulobacter	75	G	259	125	384	0.00007
Brevundimonas	41275	G	44	57	101	0.00002
Acetobacter	434	G	67	0	67	0.00001
Paracoccus	265	G	11	0	11	0.00000
Paroceanicella	2683599	G	1	0	1	0.00000
Niveispirillum	1543704	G	7	2	9	0.00000
Pseudomonas	286	G	66298	182677	248975	0.04261
Ectopseudomonas	3236654	G	1743	3170	4913	0.00084
Marinobacter	2742	G	103	89	192	0.00003
Halomonas	2745	G	24185	45691	69876	0.01196
Vreelandella	3137766	G	177	345	522	0.00009
Chromohalobacter	42054	G	8	9	17	0.00000
Cobetia	204286	G	3	1	4	0.00000
Alloalcanivorax	3020832	G	155	79	234	0.00004
Stenotrophomonas	40323	G	16081	3000	19081	0.00327
Xanthomonas	338	G	288	1494	1782	0.00030
Klebsiella	570	G	701	0	701	0.00012
Escherichia	561	G	3	4175	4178	0.00072
Morganella	581	G	110	512	622	0.00011
Aeromonas	642	G	4023	17618	21641	0.00370
Vibrio	662	G	3649	1637	5286	0.00090
Salinivibrio	51366	G	5	1	6	0.00000
Acinetobacter	469	G	1271	0	1271	0.00022
Shewanella	22	G	634	2496	3130	0.00054
Teredinibacter	2425	G	316	42	358	0.00006
Aequoribacter	2847769	G	8	132	140	0.00002
Nitrosococcus	1227	G	2	0	2	0.00000
Thioalkalivibrio	106633	G	1	1	2	0.00000
Flavobacterium	237	G	336386	106786	443172	0.07584
Cloacibacterium	501783	G	1841	13435	15276	0.00261
Elizabethkingia	308865	G	15	371	386	0.00007
Sphingobacterium	28453	G	39	0	39	0.00001
Bacteriovorax	146784	G	1623	48	1671	0.00029
Poseidonibacter	2321187	G	170	111	281	0.00005
Desulfurispirillum	393029	G	3	0	3	0.00000
Staphylococcus	1279	G	42310	5425	47735	0.00817
Paenibacillus	44249	G	15790	0	15790	0.00270
Tetragenococcus	51668	G	13240	11609	24849	0.00425
Lactococcus	1357	G	11849	1740	13589	0.00233
Mycobacterium	1763	G	5359	52025	57384	0.00982
Mycolicibacterium	1866885	G	22	0	22	0.00000
Gordonia	2053	G	5	19955	19960	0.00342
Brevibacterium	1696	G	933	4640	5573	0.00095
Microbacterium	33882	G	757	216	973	0.00017
Agrococcus	46352	G	9	30	39	0.00001
Humibacter	427753	G	2	5	7	0.00000
Pseudoclavibacter	255204	G	1	8	9	0.00000
Serinicoccus	265976	G	303	553	856	0.00015
Ornithinimicrobium	125287	G	11	13	24	0.00000
Austwickia	1184606	G	238	443	681	0.00012
Phycicoccus	367298	G	6	109	115	0.00002
Arsenicicoccus	267408	G	3	5	8	0.00000
Nostocoides	99479	G	2	331	333	0.00006
Dermacoccus	57495	G	105	241	346	0.00006
Micrococcus	1269	G	1	90	91	0.00002
Brachybacterium	43668	G	3	13	16	0.00000
Cellulomonas	1707	G	2	0	2	0.00000
Cutibacterium	1912216	G	1041	3084	4125	0.00071
Brooklawnia	369926	G	318	1522	1840	0.00031
Naumannella	1294511	G	26	84	110	0.00002
Nocardioides	1839	G	1	1	2	0.00000
Streptomyces	1883	G	5	384798	384803	0.06585
Thermus	270	G	1074	526	1600	0.00027
Fusobacterium	848	G	5	0	5	0.00000
Homo	9605	G	44160	536733	580893	0.09941
Pan	9596	G	2	12	14	0.00000
Mus	10088	G	2789	1553	4342	0.00074
Gallus	9030	G	22879	1238	24117	0.00413
Apteryx	8821	G	54	0	54	0.00001
Diploscapter	55799	G	3	0	3	0.00000
Wolfiporia	81055	G	655	463	1118	0.00019
Alternaria	5598	G	11	925	936	0.00016
Circaeaster	39162	G	34436	97667	132103	0.02261
Linum	4005	G	243	1191	1434	0.00025
Solanum	4107	G	4	0	4	0.00000
Paramecium	5884	G	8820	486	9306	0.00159
Tequatrovirus	10663	G	5667	220302	225969	0.03867
Jerseyvirus	1910991	G	13	232	245	0.00004
