name	taxonomy_id	taxonomy_lvl	kraken_assigned_reads	added_reads	new_est_reads	fraction_total_reads
Delftia	80865	G	1259829	604867	1864696	0.25139
Hydrogenophaga	47420	G	2880	1305	4185	0.00056
Polaromonas	52972	G	2863	608	3471	0.00047
Diaphorobacter	238749	G	446	23186	23632	0.00319
Ottowia	219181	G	298	48	346	0.00005
Comamonas	283	G	110	185	295	0.00004
Variovorax	34072	G	60	3	63	0.00001
Melaminivora	1649468	G	48	37	85	0.00001
Acidovorax	12916	G	9	1	10	0.00000
Bordetella	517	G	3369	6219	9588	0.00129
Neopusillimonas	2987605	G	175	315	490	0.00007
Achromobacter	222	G	66	94	160	0.00002
Alcaligenes	507	G	48	5009	5057	0.00068
Orrella	1921582	G	48	21	69	0.00001
Oligella	90243	G	1	0	1	0.00000
Cupriavidus	106589	G	339	528	867	0.00012
Ralstonia	48736	G	9	16	25	0.00000
Pandoraea	93217	G	9	17	26	0.00000
Massilia	149698	G	14	0	14	0.00000
Ideonella	36862	G	11	5	16	0.00000
Methylibium	316612	G	6	4	10	0.00000
Thauera	33057	G	763965	580544	1344509	0.18126
Azoarcus	12960	G	8125	4886	13011	0.00175
Pseudazoarcus	2891323	G	5465	1921	7386	0.00100
Parazoarcus	2891322	G	1457	1433	2890	0.00039
Zoogloea	349	G	419	985	1404	0.00019
Pseudothauera	2891324	G	7	378	385	0.00005
Dechloromonas	73029	G	12701	4277	16978	0.00229
Ferribacterium	88875	G	1304	979	2283	0.00031
Azonexus	146936	G	51	71	122	0.00002
Quatrionicoccus	138117	G	2	2	4	0.00000
Aromatoleum	551759	G	12346	5076	17422	0.00235
Azospira	146937	G	919	5449	6368	0.00086
Nitrosomonas	914	G	40389	77849	118238	0.01594
Sterolibacterium	157591	G	4386	2094	6480	0.00087
Denitratisoma	311181	G	20	14	34	0.00000
Candidatus_Nitricoxidivorans	3071076	G	3	0	3	0.00000
Methylobacillus	404	G	11	12	23	0.00000
Thiobacillus	919	G	3	1	4	0.00000
Candidatus_Accumulibacter	327159	G	1247	23342	24589	0.00331
Nitrobacter	911	G	363981	133618	497599	0.06708
Bradyrhizobium	374	G	5187	0	5187	0.00070
Methylobacterium	407	G	25	0	25	0.00000
Ochrobactrum	528	G	581	8340	8921	0.00120
Brucella	234	G	23	15	38	0.00001
Bartonella	773	G	53	0	53	0.00001
Novosphingobium	165696	G	125308	113482	238790	0.03219
Sphingomonas	13687	G	36297	22045	58342	0.00787
Sphingobium	165695	G	26130	46833	72963	0.00984
Sphingopyxis	165697	G	3979	5942	9921	0.00134
Tardibacter	2685927	G	832	2732	3564	0.00048
Rhizorhabdus	1649486	G	73	185	258	0.00003
Novosphingopyxis	2709686	G	12	31	43	0.00001
Sphingorhabdus	1434046	G	11	0	11	0.00000
Blastomonas	150203	G	5	0	5	0.00000
Citromicrobium	72173	G	2	3	5	0.00000
Croceicoccus	1295327	G	3001	9123	12124	0.00163
Porphyrobacter	1111	G	542	1079	1621	0.00022
Erythrobacter	1041	G	10	1	11	0.00000
Aurantiacibacter	2800681	G	244	133	377	0.00005
Altererythrobacter	361177	G	197	45	242	0.00003
Qipengyuania	1855416	G	132	286	418	0.00006
Croceibacterium	2676755	G	3	1	4	0.00000
Pelagerythrobacter	2800685	G	3	6	9	0.00000
Tsuneonella	2800686	G	1	1	2	0.00000
Sphingosinicella	335405	G	1	1235	1236	0.00017
Caulobacter	75	G	269	111	380	0.00005
Brevundimonas	41275	G	76	83	159	0.00002
Acetobacter	434	G	188	0	188	0.00003
Niveispirillum	1543704	G	70	26	96	0.00001
Paracoccus	265	G	66	2	68	0.00001
Paroceanicella	2683599	G	6	1	7	0.00000
Pseudomonas	286	G	77900	223675	301575	0.04066
Ectopseudomonas	3236654	G	2987	4320	7307	0.00099
Stutzerimonas	2901164	G	5	28	33	0.00000
Marinobacter	2742	G	189	101	290	0.00004
Halomonas	2745	G	39343	66447	105790	0.01426
Vreelandella	3137766	G	530	899	1429	0.00019
Chromohalobacter	42054	G	21	21	42	0.00001
Billgrantia	3137761	G	8	165	173	0.00002
Cobetia	204286	G	6	2	8	0.00000
Pistricoccus	1897649	G	2	0	2	0.00000
Alloalcanivorax	3020832	G	203	89	292	0.00004
Stenotrophomonas	40323	G	18686	3189	21875	0.00295
Xanthomonas	338	G	1342	11494	12836	0.00173
Klebsiella	570	G	1280	0	1280	0.00017
Escherichia	561	G	8	4718	4726	0.00064
Morganella	581	G	206	231	437	0.00006
Serratia	613	G	7	323	330	0.00004
Aeromonas	642	G	4712	24913	29625	0.00399
Vibrio	662	G	3914	1365	5279	0.00071
Salinivibrio	51366	G	9	1	10	0.00000
Acinetobacter	469	G	1348	185	1533	0.00021
Shewanella	22	G	1244	3137	4381	0.00059
Teredinibacter	2425	G	1032	111	1143	0.00015
Aequoribacter	2847769	G	11	295	306	0.00004
Methylomonas	416	G	8	2	10	0.00000
Nitrosococcus	1227	G	8	0	8	0.00000
Thioalkalivibrio	106633	G	1	1	2	0.00000
Methylophaga	40222	G	4	0	4	0.00000
Flavobacterium	237	G	488768	186203	674971	0.09100
Cloacibacterium	501783	G	3944	32011	35955	0.00485
Elizabethkingia	308865	G	30	750	780	0.00011
Chryseobacterium	59732	G	1	0	1	0.00000
Sphingobacterium	28453	G	52	0	52	0.00001
Bacteriovorax	146784	G	2045	68	2113	0.00028
Poseidonibacter	2321187	G	304	165	469	0.00006
Desulfurispirillum	393029	G	18	4	22	0.00000
Staphylococcus	1279	G	46325	9496	55821	0.00753
Paenibacillus	44249	G	31031	2221	33252	0.00448
Tetragenococcus	51668	G	15451	7428	22879	0.00308
Lactococcus	1357	G	13006	43832	56838	0.00766
Mycobacterium	1763	G	6434	18101	24535	0.00331
Mycolicibacterium	1866885	G	348	1426	1774	0.00024
Gordonia	2053	G	8	7	15	0.00000
Paeniglutamicibacter	1742990	G	89	1425	1514	0.00020
Micrococcus	1269	G	7	400	407	0.00005
Brevibacterium	1696	G	1212	6512	7724	0.00104
Microbacterium	33882	G	891	522	1413	0.00019
Agrococcus	46352	G	80	280	360	0.00005
Pseudoclavibacter	255204	G	14	112	126	0.00002
Humibacter	427753	G	3	8	11	0.00000
Austwickia	1184606	G	1075	2446	3521	0.00047
Serinicoccus	265976	G	428	900	1328	0.00018
Ornithinimicrobium	125287	G	30	49	79	0.00001
Phycicoccus	367298	G	31	268	299	0.00004
Arsenicicoccus	267408	G	21	46	67	0.00001
Nostocoides	99479	G	4	1132	1136	0.00015
Dermacoccus	57495	G	119	298	417	0.00006
Brachybacterium	43668	G	14	72	86	0.00001
Cellulomonas	1707	G	10	24	34	0.00000
Cutibacterium	1912216	G	1048	2726	3774	0.00051
Brooklawnia	369926	G	675	3697	4372	0.00059
Naumannella	1294511	G	94	355	449	0.00006
Propioniciclava	1085622	G	2	13	15	0.00000
Acidipropionibacterium	1912215	G	1	5	6	0.00000
Propionibacterium	1743	G	1	7	8	0.00000
Nocardioides	1839	G	1	2	3	0.00000
Streptomyces	1883	G	50	555550	555600	0.07490
Thermus	270	G	1078	241	1319	0.00018
Fusobacterium	848	G	98	1029	1127	0.00015
Homo	9605	G	63193	511022	574215	0.07741
Pan	9596	G	4	17	21	0.00000
Mus	10088	G	3920	1560	5480	0.00074
Gallus	9030	G	40436	1543	41979	0.00566
Apteryx	8821	G	131	0	131	0.00002
Diploscapter	55799	G	10	49	59	0.00001
Oppiella	334624	G	3	3	6	0.00000
Aedes	7158	G	1	0	1	0.00000
Spirometra	46580	G	4	0	4	0.00000
Wolfiporia	81055	G	801	500	1301	0.00018
Alternaria	5598	G	54	1565	1619	0.00022
Circaeaster	39162	G	64797	98643	163440	0.02203
Linum	4005	G	576	395	971	0.00013
Cucurbita	3660	G	11	557	568	0.00008
Solanum	4107	G	8	0	8	0.00000
Oryza	4527	G	1	0	1	0.00000
Paramecium	5884	G	11876	476	12352	0.00167
Collozoum	65591	G	3	0	3	0.00000
Naegleria	5761	G	2	0	2	0.00000
Tequatrovirus	10663	G	14677	216626	231303	0.03118
Jerseyvirus	1910991	G	67	352	419	0.00006
Skatevirus	2948910	G	2	366	368	0.00005
