name	taxonomy_id	taxonomy_lvl	kraken_assigned_reads	added_reads	new_est_reads	fraction_total_reads
Thauera	33057	G	1242637	1169144	2411781	0.22049
Azoarcus	12960	G	12007	10510	22517	0.00206
Pseudazoarcus	2891323	G	7176	2126	9302	0.00085
Zoogloea	349	G	4491	5666	10157	0.00093
Parazoarcus	2891322	G	2190	2247	4437	0.00041
Pseudothauera	2891324	G	87	10291	10378	0.00095
Dechloromonas	73029	G	19486	52952	72438	0.00662
Ferribacterium	88875	G	6315	14411	20726	0.00189
Azonexus	146936	G	106	333	439	0.00004
Quatrionicoccus	138117	G	40	162	202	0.00002
Aromatoleum	551759	G	26887	12691	39578	0.00362
Azospira	146937	G	2153	15237	17390	0.00159
Oryzomicrobium	1911577	G	6	0	6	0.00000
Delftia	80865	G	1391412	707590	2099002	0.19190
Hydrogenophaga	47420	G	4003	1155	5158	0.00047
Polaromonas	52972	G	3158	725	3883	0.00035
Diaphorobacter	238749	G	1022	19718	20740	0.00190
Comamonas	283	G	987	1763	2750	0.00025
Ottowia	219181	G	787	70	857	0.00008
Melaminivora	1649468	G	290	154	444	0.00004
Acidovorax	12916	G	241	123	364	0.00003
Variovorax	34072	G	181	35	216	0.00002
Pulveribacter	2678886	G	112	27	139	0.00001
Paracidovorax	3051137	G	16	27	43	0.00000
Simplicispira	352450	G	6	1	7	0.00000
Curvibacter	281915	G	5	1	6	0.00000
Alicycliphilus	201096	G	5	57	62	0.00001
Bordetella	517	G	3828	7319	11147	0.00102
Orrella	1921582	G	704	394	1098	0.00010
Achromobacter	222	G	645	899	1544	0.00014
Alcaligenes	507	G	449	29785	30234	0.00276
Neopusillimonas	2987605	G	431	1032	1463	0.00013
Advenella	290425	G	8	7	15	0.00000
Oligella	90243	G	2	0	2	0.00000
Cupriavidus	106589	G	1014	1373	2387	0.00022
Ralstonia	48736	G	146	405	551	0.00005
Burkholderia	32008	G	21	9	30	0.00000
Pandoraea	93217	G	17	0	17	0.00000
Paraburkholderia	1822464	G	2	0	2	0.00000
Massilia	149698	G	81	55	136	0.00001
Herbaspirillum	963	G	1	0	1	0.00000
Janthinobacterium	29580	G	1	0	1	0.00000
Ideonella	36862	G	66	22	88	0.00001
Methylibium	316612	G	55	43	98	0.00001
Nitrosomonas	914	G	100677	246331	347008	0.03172
Nitrosospira	35798	G	17	0	17	0.00000
Sterolibacterium	157591	G	6427	3038	9465	0.00087
Denitratisoma	311181	G	295	552	847	0.00008
Candidatus_Nitricoxidivorans	3071076	G	66	18	84	0.00001
Sulfuritalea	1054211	G	2	0	2	0.00000
Sulfuritortus	1938335	G	138	244	382	0.00003
Thiobacillus	919	G	24	14	38	0.00000
Methylobacillus	404	G	56	49	105	0.00001
Candidatus_Accumulibacter	327159	G	15729	54876	70605	0.00645
Laribacter	168470	G	4	35	39	0.00000
Nitrobacter	911	G	680508	124432	804940	0.07359
Bradyrhizobium	374	G	6696	12	6708	0.00061
Afipia	1033	G	122	454	576	0.00005
Tardiphaga	1395974	G	111	37	148	0.00001
Methylobacterium	407	G	904	0	904	0.00008
Ochrobactrum	528	G	712	8788	9500	0.00087
Brucella	234	G	51	96	147	0.00001
Bartonella	773	G	82	0	82	0.00001
Neorhizobium	1525371	G	8	1	9	0.00000
Rhizobium	379	G	4	0	4	0.00000
Shinella	323620	G	4	11	15	0.00000
Nitratireductor	245876	G	6	200	206	0.00002
Novosphingobium	165696	G	168907	146011	314918	0.02879
Sphingomonas	13687	G	42405	39439	81844	0.00748
Sphingobium	165695	G	39418	63229	102647	0.00938
Sphingopyxis	165697	G	5389	6745	12134	0.00111
Tardibacter	2685927	G	1022	2794	3816	0.00035
Rhizorhabdus	1649486	G	345	1039	1384	0.00013
Novosphingopyxis	2709686	G	81	216	297	0.00003
Blastomonas	150203	G	65	26	91	0.00001
Sphingorhabdus	1434046	G	14	0	14	0.00000
Citromicrobium	72173	G	7	13	20	0.00000
Hankyongella	1763827	G	7	3	10	0.00000
Sphingosinithalassobacter	2676233	G	1	1	2	0.00000
Candidatus_Andeanibacterium	3121344	G	1	0	1	0.00000
Croceicoccus	1295327	G	4832	14591	19423	0.00178
Porphyrobacter	1111	G	608	1237	1845	0.00017
Erythrobacter	1041	G	66	25	91	0.00001
Altererythrobacter	361177	G	450	99	549	0.00005
Aurantiacibacter	2800681	G	402	197	599	0.00005
Qipengyuania	1855416	G	246	482	728	0.00007
Pelagerythrobacter	2800685	G	37	21	58	0.00001
Croceibacterium	2676755	G	19	8	27	0.00000
Tsuneonella	2800686	G	17	30	47	0.00000
Sphingosinicella	335405	G	7	1557	1564	0.00014
Paracoccus	265	G	477	259	736	0.00007
Paroceanicella	2683599	G	15	303	318	0.00003
Caulobacter	75	G	279	104	383	0.00004
Brevundimonas	41275	G	115	106	221	0.00002
Acetobacter	434	G	335	0	335	0.00003
Kozakia	153497	G	9	2	11	0.00000
Granulibacter	364409	G	3	0	3	0.00000
Komagataeibacter	1434011	G	1	0	1	0.00000
Acidibrevibacterium	2603324	G	1	0	1	0.00000
Roseomonas	125216	G	23	0	23	0.00000
Niveispirillum	1543704	G	256	78	334	0.00003
Azospirillum	191	G	3	0	3	0.00000
Tistrella	171436	G	1	0	1	0.00000
Halomonas	2745	G	77239	88207	165446	0.01513
Vreelandella	3137766	G	1811	3188	4999	0.00046
Chromohalobacter	42054	G	73	58	131	0.00001
Billgrantia	3137761	G	27	609	636	0.00006
Salinicola	404432	G	20	6	26	0.00000
Cobetia	204286	G	19	5	24	0.00000
Pistricoccus	1897649	G	4	0	4	0.00000
Alloalcanivorax	3020832	G	315	128	443	0.00004
Alcanivorax	59753	G	2	1	3	0.00000
Thalassolituus	187492	G	1	0	1	0.00000
Pseudomonas	286	G	94661	301705	396366	0.03624
Ectopseudomonas	3236654	G	5022	5801	10823	0.00099
Stutzerimonas	2901164	G	67	291	358	0.00003
Marinobacter	2742	G	395	83479	83874	0.00767
Candidatus_Competibacter	221279	G	65	826	891	0.00008
Stenotrophomonas	40323	G	36276	7121	43397	0.00397
Xanthomonas	338	G	3804	10516	14320	0.00131
Klebsiella	570	G	2232	688	2920	0.00027
Enterobacter	547	G	119	2907	3026	0.00028
Escherichia	561	G	51	4816	4867	0.00044
Morganella	581	G	301	159	460	0.00004
Serratia	613	G	22	880	902	0.00008
Aeromonas	642	G	5441	42852	48293	0.00442
Vibrio	662	G	3962	1151	5113	0.00047
Salinivibrio	51366	G	28	3	31	0.00000
Photobacterium	657	G	24	2	26	0.00000
Teredinibacter	2425	G	2314	193	2507	0.00023
Aequoribacter	2847769	G	24	12	36	0.00000
Shewanella	22	G	2092	6109	8201	0.00075
Pseudoalteromonas	53246	G	1	0	1	0.00000
Idiomarina	135575	G	1	0	1	0.00000
Acinetobacter	469	G	1364	1491	2855	0.00026
Methylomonas	416	G	329	20	349	0.00003
Methylococcus	413	G	66	2	68	0.00001
Methylotuvimicrobium	2822410	G	60	31	91	0.00001
Candidatus_Methylospira	1808977	G	16	0	16	0.00000
Methylomarinum	1221209	G	13	2	15	0.00000
Methylocaldum	73778	G	13	2	15	0.00000
Methylomicrobium	39773	G	1	1	2	0.00000
Nitrosococcus	1227	G	50	3	53	0.00000
Caldichromatium	2828366	G	2	0	2	0.00000
Ectothiorhodospira	1051	G	6	2	8	0.00000
Thioalkalivibrio	106633	G	1	1	2	0.00000
Methylophaga	40222	G	15	2	17	0.00000
Thiomicrospira	933	G	2	0	2	0.00000
Acidithiobacillus	119977	G	571	999	1570	0.00014
Flavobacterium	237	G	1127549	258235	1385784	0.12669
Myroides	76831	G	4	243	247	0.00002
Cloacibacterium	501783	G	6265	63324	69589	0.00636
Elizabethkingia	308865	G	51	568	619	0.00006
Chryseobacterium	59732	G	9	0	9	0.00000
Sphingobacterium	28453	G	879	0	879	0.00008
Bacteriovorax	146784	G	2297	76	2373	0.00022
Poseidonibacter	2321187	G	519	163	682	0.00006
Desulfurispirillum	393029	G	49	17	66	0.00001
Syntrophus	43773	G	5	13	18	0.00000
Paeniglutamicibacter	1742990	G	3018	9008	12026	0.00110
Micrococcus	1269	G	93	1641	1734	0.00016
Pseudarthrobacter	1742993	G	2	92	94	0.00001
Austwickia	1184606	G	3832	8963	12795	0.00117
Microbacterium	33882	G	1146	1422	2568	0.00023
Agrococcus	46352	G	603	2398	3001	0.00027
Pseudoclavibacter	255204	G	89	668	757	0.00007
Humibacter	427753	G	3	9	12	0.00000
Brevibacterium	1696	G	1778	9193	10971	0.00100
Arsenicicoccus	267408	G	1007	2328	3335	0.00030
Phycicoccus	367298	G	173	1254	1427	0.00013
Nostocoides	99479	G	36	13905	13941	0.00127
Knoellia	136099	G	17	0	17	0.00000
Oryzobacter	1849973	G	4	15	19	0.00000
Janibacter	53457	G	3	0	3	0.00000
Terrabacter	53355	G	1	0	1	0.00000
Serinicoccus	265976	G	522	1189	1711	0.00016
Ornithinimicrobium	125287	G	88	179	267	0.00002
Dermacoccus	57495	G	189	481	670	0.00006
Yimella	908935	G	4	2	6	0.00000
Cellulomonas	1707	G	73	232	305	0.00003
Pseudactinotalea	1926259	G	8	7	15	0.00000
Brachybacterium	43668	G	43	215	258	0.00002
Demequina	577469	G	1	87775	87776	0.00802
Mycobacterium	1763	G	7464	611	8075	0.00074
Mycolicibacterium	1866885	G	2319	1194	3513	0.00032
Gordonia	2053	G	16	12	28	0.00000
Corynebacterium	1716	G	3	17	20	0.00000
Brooklawnia	369926	G	1254	6496	7750	0.00071
Cutibacterium	1912216	G	1048	2115	3163	0.00029
Naumannella	1294511	G	235	855	1090	0.00010
Acidipropionibacterium	1912215	G	44	222	266	0.00002
Propioniciclava	1085622	G	20	147	167	0.00002
Tessaracoccus	72763	G	7	12	19	0.00000
Propionibacterium	1743	G	6	42	48	0.00000
Raineyella	1911549	G	3	37	40	0.00000
Nocardioides	1839	G	8	28	36	0.00000
Micropruina	116071	G	4	13	17	0.00000
Streptomyces	1883	G	486	0	486	0.00004
Staphylococcus	1279	G	49122	23261	72383	0.00662
Paenibacillus	44249	G	45027	545	45572	0.00417
Tetragenococcus	51668	G	17301	3883	21184	0.00194
Lactococcus	1357	G	13775	1824	15599	0.00143
Mesomycoplasma	2923352	G	5	103	108	0.00001
Oscillatoria	1158	G	1	663695	663696	0.06068
Fusobacterium	848	G	1674	10267	11941	0.00109
Thermus	270	G	1078	159	1237	0.00011
Homo	9605	G	100054	452140	552194	0.05048
Pan	9596	G	29	72	101	0.00001
Pongo	9599	G	1	1	2	0.00000
Symphalangus	325166	G	4	5	9	0.00000
Mus	10088	G	4933	1099	6032	0.00055
Gallus	9030	G	64307	2166	66473	0.00608
Apteryx	8821	G	349	0	349	0.00003
Oppiella	334624	G	44	42	86	0.00001
Aedes	7158	G	12	9	21	0.00000
Diploscapter	55799	G	49	259	308	0.00003
Spirometra	46580	G	22	0	22	0.00000
Wolfiporia	81055	G	952	520	1472	0.00013
Antrodia	40415	G	1	2	3	0.00000
Alternaria	5598	G	138	3811	3949	0.00036
Circaeaster	39162	G	101787	73084	174871	0.01599
Oryza	4527	G	1347	0	1347	0.00012
Triticum	4564	G	5	83	88	0.00001
Linum	4005	G	1034	285	1319	0.00012
Cucurbita	3660	G	22	162	184	0.00002
Solanum	4107	G	19	0	19	0.00000
Paramecium	5884	G	16882	721	17603	0.00161
Collozoum	65591	G	7	28	35	0.00000
Naegleria	5761	G	73	3	76	0.00001
Tequatrovirus	10663	G	38757	197634	236391	0.02161
Jerseyvirus	1910991	G	254	592	846	0.00008
Skatevirus	2948910	G	108	2445	2553	0.00023
Candidatus_Moraniibacteriota bacterium	2045217	S	19	1390	1409	0.00013
