name	taxonomy_id	taxonomy_lvl	kraken_assigned_reads	added_reads	new_est_reads	fraction_total_reads
Delftia acidovorans	80866	S	4387	197309	201696	0.09838
Delftia lacustris	558537	S	3440	413657	417097	0.20345
Delftia tsuruhatensis	180282	S	1403	124354	125757	0.06134
Polaromonas naphthalenivorans	216465	S	9	106	115	0.00006
Hydrogenophaga taeniospiralis	65656	S	30	163	193	0.00009
Ottowia testudinis	2816950	S	3	3	6	0.00000
[Acidovorax] ebreus	721785	S	1	168	169	0.00008
Diaphorobacter sp. JS3051	2792224	S	1	346	347	0.00017
Bordetella genomosp. 13	463040	S	168	1241	1409	0.00069
Bordetella hinzii	103855	S	5	20	25	0.00001
Neopusillimonas aromaticivorans	2979868	S	1	9	10	0.00000
Thauera sp. K11	2005884	S	50074	222147	272221	0.13278
Thauera sp. WB-2	2897772	S	509	3033	3542	0.00173
Thauera sp. JM12B12	3142262	S	29	87	116	0.00006
Thauera aminoaromatica	164330	S	757	9816	10573	0.00516
Thauera humireducens	1134435	S	593	4215	4808	0.00235
Thauera chlorobenzoica	96773	S	516	5980	6496	0.00317
Thauera aromatica	59405	S	111	1704	1815	0.00089
Thauera butanivorans	86174	S	82	812	894	0.00044
Azoarcus olearius	418699	S	212	678	890	0.00043
Azoarcus sp. DD4	2027405	S	13	83	96	0.00005
Pseudazoarcus pumilus	2067960	S	58	390	448	0.00022
Parazoarcus communis	41977	S	24	125	149	0.00007
Aromatoleum aromaticum	551760	S	1290	4600	5890	0.00287
Aromatoleum bremense	76115	S	47	176	223	0.00011
Aromatoleum evansii	59406	S	3	7	10	0.00000
Azospira sp. I09	1765049	S	29	592	621	0.00030
Azospira oryzae	146939	S	13	69	82	0.00004
uncultured Rhodocyclaceae bacterium	151985	S	1	126	127	0.00006
Dechloromonas denitrificans	281362	S	5	22	27	0.00001
Dechloromonas sp. TW-R-39-2	2654218	S	4	38	42	0.00002
Ferribacterium limneticum	76259	S	42	93	135	0.00007
Nitrosomonas eutropha	916	S	1562	23692	25254	0.01232
Nitrosomonas ureae	44577	S	676	1745	2421	0.00118
Nitrosomonas europaea	915	S	68	3178	3246	0.00158
Nitrosomonas sp.	42353	S	9	33	42	0.00002
Nitrosomonas sp. sh817	3070658	S	1	1	2	0.00000
Nitrosomonas mobilis	51642	S	1	4132	4133	0.00202
Nitrosomonas nitrosa	52442	S	1	3237	3238	0.00158
Sterolibacterium denitrificans	157592	S	41	119	160	0.00008
Candidatus Accumulibacter cognatus	2954383	S	9	11	20	0.00001
uncultured beta proteobacterium	86027	S	3	1096	1099	0.00054
Novosphingobium sp. ES2-1	2780074	S	1651	3972	5623	0.00274
Novosphingobium sp. PP1Y	702113	S	973	10547	11520	0.00562
Novosphingobium sp. MBES04	1206458	S	147	1397	1544	0.00075
Novosphingobium sp. KACC 22771	3025670	S	123	91	214	0.00010
Novosphingobium sp. KA1	164608	S	101	2605	2706	0.00132
Novosphingobium sp. P6W	1609758	S	15	13	28	0.00001
Novosphingobium sp. BL-52-GroH	3349877	S	12	11	23	0.00001
Novosphingobium sp. THN1	1016987	S	4	8	12	0.00001
Novosphingobium sp. BL-8H	3127640	S	3	7	10	0.00000
Novosphingobium sp. BL-8A	3127639	S	1	2	3	0.00000
Novosphingobium capsulatum	13688	S	3893	24736	28629	0.01396
Novosphingobium pentaromativorans	205844	S	370	5885	6255	0.00305
Novosphingobium humi	2282397	S	275	339	614	0.00030
Novosphingobium resinovorum	158500	S	246	1221	1467	0.00072
Novosphingobium aromaticivorans	48935	S	121	4959	5080	0.00248
Novosphingobium kaempferiae	2896849	S	118	55	173	0.00008
Novosphingobium ginsenosidimutans	1176536	S	62	53	115	0.00006
Novosphingobium decolorationis	2698673	S	60	626	686	0.00033
Novosphingobium olei	2728851	S	55	106	161	0.00008
Sphingobium yanoikuyae	13690	S	376	7830	8206	0.00400
Sphingobium sp. YC-XJ3	3024245	S	75	4617	4692	0.00229
Sphingobium sp. YG1	2082188	S	64	451	515	0.00025
Sphingobium sp. CFD-1	2878545	S	53	1837	1890	0.00092
Sphingobium sp. WTD-1	2979467	S	14	184	198	0.00010
Sphingobium sp. SJ10-10	3114999	S	3	19	22	0.00001
Sphingobium xenophagum	121428	S	183	2922	3105	0.00151
Sphingobium baderi	1332080	S	79	1471	1550	0.00076
Sphingobium fuliginis	336203	S	15	588	603	0.00029
Sphingomonas melonis	152682	S	215	4664	4879	0.00238
Sphingomonas sp. IC081	304378	S	15	493	508	0.00025
Sphingomonas sp. FARSPH	2219696	S	4	25	29	0.00001
Sphingomonas sp. NIC1	1961362	S	2	40	42	0.00002
Sphingomonas sp. AAP5	1523415	S	1	2	3	0.00000
Sphingomonas koreensis	93064	S	9	131	140	0.00007
Sphingomonas paucimobilis	13689	S	2	37	39	0.00002
Sphingomonas bisphenolicum	296544	S	2	11	13	0.00001
Sphingopyxis granuli	267128	S	152	1451	1603	0.00078
Sphingopyxis sp. DBS4	2968500	S	89	420	509	0.00025
Sphingopyxis sp. 113P3	292913	S	50	236	286	0.00014
Sphingopyxis macrogoltabida	33050	S	36	184	220	0.00011
Sphingopyxis alaskensis	117207	S	3	7	10	0.00000
Sphingopyxis terrae	33052	S	1	4	5	0.00000
Tardibacter chloracetimidivorans	1921510	S	75	1032	1107	0.00054
Rhizorhabdus wittichii	160791	S	1	7	8	0.00000
Croceicoccus sp. YJ47	2798724	S	140	588	728	0.00036
Croceicoccus sp. Ery15	1703338	S	4	33	37	0.00002
Croceicoccus naphthovorans	1348774	S	120	2714	2834	0.00138
Croceicoccus marinus	450378	S	1	3	4	0.00000
Porphyrobacter sp. YT40	2547601	S	28	161	189	0.00009
Aurantiacibacter atlanticus	1648404	S	16	32	48	0.00002
Qipengyuania citrea	225971	S	8	201	209	0.00010
Qipengyuania spongiae	2909673	S	3	12	15	0.00001
Nitrobacter hamburgensis	912	S	9481	20578	30059	0.01466
Nitrobacter winogradskyi	913	S	1238	3408	4646	0.00227
Nitrobacter sp. CN101	3126612	S	1141	1602	2743	0.00134
Ochrobactrum sp. PW1	1882222	S	3	199	202	0.00010
Caulobacter sp. FWC26	69665	S	41	88	129	0.00006
Brevundimonas albigilva	1312364	S	1	8	9	0.00000
uncultured proteobacterium 90H6	1240598	S	34	0	34	0.00002
Pseudomonas aeruginosa	287	S	104	15281	15385	0.00750
Pseudomonas sp. PONIH3	1636610	S	44	10950	10994	0.00536
Pseudomonas sp. ADPe	2774873	S	15	514	529	0.00026
Pseudomonas sp. BIOMIG1BAC	1758730	S	12	433	445	0.00022
Pseudomonas sp. CW003PS	3041817	S	1	79	80	0.00004
Pseudomonas soli	1306993	S	3	147	150	0.00007
Ectopseudomonas mendocina	300	S	84	1823	1907	0.00093
Ectopseudomonas oleovorans	301	S	11	1984	1995	0.00097
Marinobacter sp. LQ44	1749259	S	11	176	187	0.00009
Stenotrophomonas maltophilia	40324	S	155	7331	7486	0.00365
Halomonas sp. KG2	2951138	S	350	881	1231	0.00060
Halomonas sp. PA16-9	2576841	S	119	1250	1369	0.00067
Halomonas sp.	1486246	S	29	9211	9240	0.00451
Halomonas sp. N3-2A	2014541	S	17	131	148	0.00007
Halomonas sp. 18071143	2855441	S	8	54	62	0.00003
Halomonas sp. NyZ770	2883106	S	6	42	48	0.00002
Halomonas sp. RT37	2950872	S	3	16	19	0.00001
Halomonas sp. THAF12	2587849	S	2	8	10	0.00000
Halomonas sp. Y3	2956797	S	2	7	9	0.00000
Halomonas sp. CKK8	3036127	S	1	1	2	0.00000
Halomonas sp. DN3	2953657	S	1	3	4	0.00000
Halomonas sp. I5-271120	3061632	S	1	2	3	0.00000
Halomonas halophila	29573	S	94	2014	2108	0.00103
Halomonas piscis	3031727	S	50	123	173	0.00008
Halomonas qaidamensis	2866211	S	48	271	319	0.00016
Halomonas qinghailakensis	2937790	S	36	205	241	0.00012
Halomonas huangheensis	1178482	S	29	67	96	0.00005
Halomonas binhaiensis	2562282	S	27	38	65	0.00003
Halomonas elongata	2746	S	15	844	859	0.00042
Halomonas alkalicola	1930622	S	14	149	163	0.00008
Halomonas chromatireducens	507626	S	11	18	29	0.00001
Halomonas sulfidivorans	2733488	S	7	9	16	0.00001
Halomonas beimenensis	475662	S	6	12	18	0.00001
Halomonas aestuarii	1897729	S	5	14	19	0.00001
Halomonas alkaliantarctica	232346	S	2	14	16	0.00001
Halomonas hydrothermalis	115561	S	2	22	24	0.00001
Halomonas eurihalina	42566	S	2	2707	2709	0.00132
Halomonas socia	1081866	S	1	1	2	0.00000
Vreelandella venusta	44935	S	9	34	43	0.00002
Vreelandella sp. SM1641	3126101	S	2	21	23	0.00001
Vreelandella aquamarina	77097	S	1	16	17	0.00001
Alloalcanivorax xenomutans	1094342	S	3	14	17	0.00001
Morganella morganii	582	S	3	281	284	0.00014
Aeromonas veronii	654	S	537	7862	8399	0.00410
Aeromonas sp. ASNIH5	1758179	S	21	6011	6032	0.00294
Vibrio vulnificus	672	S	202	1366	1568	0.00076
Flavobacterium alkalisoli	2602769	S	28252	54988	83240	0.04060
Flavobacterium faecale	1355330	S	15894	48332	64226	0.03133
Flavobacterium sp. YJ01	3031997	S	32	1354	1386	0.00068
Flavobacterium johnsoniae	986	S	3	163	166	0.00008
Cloacibacterium caeni	2004710	S	5	2506	2511	0.00122
Cloacibacterium normanense	237258	S	1	86	87	0.00004
Bacteriovorax stolpii	960	S	3	130	133	0.00006
Tetragenococcus halophilus	51669	S	886	24644	25530	0.01245
Lactococcus petauri	1940789	S	118	12502	12620	0.00616
Microbacterium proteolyticum	1572644	S	12	757	769	0.00038
Microbacterium sp. PM5	2014534	S	1	7	8	0.00000
Brevibacterium casei	33889	S	37	3977	4014	0.00196
Serinicoccus profundi	1078471	S	8	252	260	0.00013
Dermacoccus nishinomiyaensis	1274	S	7	316	323	0.00016
Kineosporiaceae bacterium SCSIO 59966	2730919	S	1	53	54	0.00003
Thermus thermophilus	274	S	31	609	640	0.00031
uncultured bacterium GWB1_scaffold_7903	1781335	S	9	0	9	0.00000
Homo sapiens	9606	S	6462	498742	505204	0.24642
Mus musculus	10090	S	110	591	701	0.00034
Gallus gallus	9031	S	218	91	309	0.00015
Apteryx mantelli	2696672	S	10	0	10	0.00000
Wolfiporia cocos	81056	S	55	331	386	0.00019
Circaeaster agrestis	39288	S	2262	36274	38536	0.01880
Paramecium tetraurelia	5888	S	1457	289	1746	0.00085
Paramecium sexaurelia	65128	S	2	78	80	0.00004
