Abundance	Bacterium
373464	Azoarcus_indigens
4914	Azoarcus_olearius
1621620	Azoarcus_taiwanensis
67569	Candidatus_Accumulibacter sp.
4076663	Candidatus_Accumulibacter_aalborgensis
3355927	Candidatus_Accumulibacter_phosphatis
3734400	Candidatus_Competibacter_denitrificans
3765520	Candidatus_Competibacter_phosphatis
3999999	Candidatus_Moranbacteria sp.
1494450	Candidatus_Propionivibrio_aalborgensis
18657	Dechloromonas_agitata
764937	Dechloromonas_denitrificans
279855	Dechloromonas_hankyongensis
1436589	Dechloromonas_hortensis
333333	Delftia_acidovorans
666666	Delftia_deserti
666666	Delftia_lacustris
333333	Delftia_tsuruhatensis
70	Diploscapter_coronatus
249927	Diploscapter_pachys
250000	Enterobacteria_phage_T4
160000	Flavobacterium_alkalisoli
3680000	Flavobacterium_defluvii
160000	Flavobacterium_faecale
171	Halomonas_aestuarii
2907	Halomonas_alimentaria
171	Halomonas_alkaliantarctica
171	Halomonas_alkalicola
8037	Halomonas_alkalisoli
3762	Halomonas_almeriensis
171	Halomonas_beimenensis
171	Halomonas_binhaiensis
27018	Halomonas_borealis
13167	Halomonas_campaniensis
8208	Halomonas_casei
4275	Halomonas_caseinilytica
9063	Halomonas_cerina
171	Halomonas_chromatireducens
13167	Halomonas_cibimaris
13167	Halomonas_citrativorans
20862	Halomonas_colorata
5301	Halomonas_cupida
7866	Halomonas_daqiaonensis
2223	Halomonas_denitrificans
2565	Halomonas_dongshanensis
171	Halomonas_elongata
4446	Halomonas_eurihalina
10089	Halomonas_faecis
27873	Halomonas_flagellata
3933	Halomonas_fontilapidosi
12483	Halomonas_garicola
9234	Halomonas_gemina
4275	Halomonas_getboli
15390	Halomonas_halmophila
2052	Halomonas_halocynthiae
8892	Halomonas_halodenitrificans
171	Halomonas_halophila
10260	Halomonas_heilongjiangensis
7353	Halomonas_hibernica
171	Halomonas_huangheensis
171	Halomonas_hydrothermalis
8208	Halomonas_icarae
10260	Halomonas_jincaotanensis
7011	Halomonas_johnsoniae
9747	Halomonas_kalidii
6840	Halomonas_koreensis
5814	Halomonas_korlensis
9747	Halomonas_litopenaei
30096	Halomonas_llamarensis
10773	Halomonas_lysinitropha
6669	Halomonas_maura
9747	Halomonas_mongoliensis
8379	Halomonas_nitroreducens
12312	Halomonas_organivorans
171	Halomonas_piscis
342	Halomonas_qaidamensis
342	Halomonas_qinghailakensis
6156	Halomonas_ramblicola
6669	Halomonas_rhizosphaerae
4959	Halomonas_sabkhae
1710	Halomonas_saccharevitans
8037	Halomonas_salifodinae
7524	Halomonas_salina
8550	Halomonas_salinarum
5643	Halomonas_salipaludis
4104	Halomonas_shengliensis
5814	Halomonas_smyrnensis
5814	Halomonas_stenophila
171	Halomonas_sulfidivorans
6840	Halomonas_tibetensis
20862	Halomonas_urmiana
3420	Halomonas_urumqiensis
8379	Halomonas_ventosae
242465	Homo_sapiens
77668	Nitrobacter_hamburgensis
1902866	Nitrobacter_vulgaris
19417	Nitrobacter_winogradskyi
181946	Nitrosomonas_aestuarii
3137	Nitrosomonas_communis
6274	Nitrosomonas_cryotolerans
3137	Nitrosomonas_europaea
9411	Nitrosomonas_eutropha
489372	Nitrosomonas_halophila
216453	Nitrosomonas_marina
351344	Nitrosomonas_mobilis
266645	Nitrosomonas_nitrosa
219590	Nitrosomonas_oligotropha
749743	Nitrosomonas_supralitoralis
3137	Nitrosomonas_ureae
32022	Novosphingobium_acidiphilum
70567	Novosphingobium_aerophilum
33801	Novosphingobium_aquimarinum
6523	Novosphingobium_aquiterrae
1779	Novosphingobium_aromaticivorans
20162	Novosphingobium_arvoryzae
23127	Novosphingobium_aureum
11267	Novosphingobium_barchaimii
64044	Novosphingobium_beihaiensis
10674	Novosphingobium_bradum
41510	Novosphingobium_capsulatum
52184	Novosphingobium_chloroacetimidivorans
78869	Novosphingobium_clariflavum
42696	Novosphingobium_colocasiae
43882	Novosphingobium_cyanobacteriorum
1186	Novosphingobium_decolorationis
72346	Novosphingobium_endophyticum
15418	Novosphingobium_flavum
14825	Novosphingobium_fluoreni
4151	Novosphingobium_fuchskuhlense
593	Novosphingobium_ginsenosidimutans
68788	Novosphingobium_guangzhouense
33208	Novosphingobium_hassiacum
32615	Novosphingobium_huizhouense
2372	Novosphingobium_humi
61079	Novosphingobium_indicum
18383	Novosphingobium_jiangmenense
593	Novosphingobium_kaempferiae
5930	Novosphingobium_kunmingense
31429	Novosphingobium_lentum
92508	Novosphingobium_lindaniclasticum
50405	Novosphingobium_malaysiense
16011	Novosphingobium_marinum
21941	Novosphingobium_mathurense
11860	Novosphingobium_meiothermophilum
138762	Novosphingobium_naphthalenivorans
18976	Novosphingobium_nitrogenifigens
593	Novosphingobium_olei
168412	Novosphingobium_organovorum
8895	Novosphingobium_ovatum
37359	Novosphingobium_panipatense
3558	Novosphingobium_pentaromativorans_US6-1
24313	Novosphingobium_percolationis
26685	Novosphingobium_piscinae
36173	Novosphingobium_pokkalii
49219	Novosphingobium_profundi
2965	Novosphingobium_resinovorum
115042	Novosphingobium_rosa
32615	Novosphingobium_sediminicola
36173	Novosphingobium_sediminis
38545	Novosphingobium_silvae
32022	Novosphingobium_soli
65823	Novosphingobium_subterraneum
11267	Novosphingobium_taihuense
7116	Novosphingobium_tardum
3558	Novosphingobium_terrae
53963	Novosphingobium_umbonatum
89215	Paramecium_biaurelia
19585	Paramecium_bursaria
29548	Paramecium_caudatum
14375	Paramecium_octaurelia
11788	Paramecium_pentaurelia
16580	Paramecium_primaurelia
20650	Paramecium_sexaurelia
21753	Paramecium_sonneborni
26486	Paramecium_tetraurelia
162360	Propionivibrio_dicarboxylicus
210330	Propionivibrio_limicola
132840	Propionivibrio_soli
500004	Solirubrobacterales_bacterium sp.
10152	Tetrasphaera_australiense
10152	Tetrasphaera_japonicum
10152	Tetrasphaera_jenkinsii
1086264	Tetrasphaera_vanveenii
883224	Tetrasphaera_veronense
4695	Thauera_aminoaromatica
4695	Thauera_aminoaromatica_plasmid
9390	Thauera_aromatica
732420	Thauera_butanivorans
4695	Thauera_chlorobenzoica
4695	Thauera_humireducens
211275	Thauera_linaloolentis
239445	Thauera_mechernichensis
65730	Thauera_phenolivorans
3197295	Thauera_phenylacetica
267615	Thauera_propionica
18780	Thauera_sedimentorum
605655	Thauera_sinica
633825	Thauera_terpenica
227669	Zoogloea_dura
293501	Zoogloea_oleivorans
910676	Zoogloea_oryzae
567801	Zoogloea_ramigera
