name	taxonomy_id	taxonomy_lvl	kraken_assigned_reads	added_reads	new_est_reads	fraction_total_reads
Delftia	80865	G	64785	11933	76718	0.50496
Ottowia	219181	G	31	1	32	0.00021
Hydrogenophaga	47420	G	16	1	17	0.00011
Diaphorobacter	238749	G	13	41	54	0.00036
Acidovorax	12916	G	4	1	5	0.00003
Polaromonas	52972	G	3	0	3	0.00002
Comamonas	283	G	2	0	2	0.00001
Variovorax	34072	G	2	0	2	0.00001
Bordetella	517	G	2	3	5	0.00003
Oligella	90243	G	1	1	2	0.00001
Pandoraea	93217	G	3	0	3	0.00002
Burkholderia	32008	G	2	0	2	0.00001
Ralstonia	48736	G	1	0	1	0.00001
Thauera	33057	G	5724	3522	9246	0.06086
Azoarcus	12960	G	146	28	174	0.00115
Zoogloea	349	G	121	18	139	0.00091
Parazoarcus	2891322	G	3	1	4	0.00003
Pseudothauera	2891324	G	3	297	300	0.00197
Nitrogeniibacter	2891294	G	1	0	1	0.00001
Pseudazoarcus	2891323	G	1	0	1	0.00001
Dechloromonas	73029	G	249	540	789	0.00519
Ferribacterium	88875	G	20	290	310	0.00204
Azonexus	146936	G	15	226	241	0.00159
Quatrionicoccus	138117	G	12	303	315	0.00207
Aromatoleum	551759	G	71	16	87	0.00057
Azospira	146937	G	16	469	485	0.00319
Nitrosomonas	914	G	646	264	910	0.00599
Denitratisoma	311181	G	5	5	10	0.00007
Sterolibacterium	157591	G	2	0	2	0.00001
Candidatus_Nitricoxidivorans	3071076	G	2	0	2	0.00001
Thiobacillus	919	G	4	1	5	0.00003
Candidatus_Accumulibacter	327159	G	634	120	754	0.00496
Novosphingobium	165696	G	9262	6594	15856	0.10436
Sphingomonas	13687	G	2481	2036	4517	0.02973
Sphingobium	165695	G	876	1652	2528	0.01664
Sphingopyxis	165697	G	183	269	452	0.00298
Rhizorhabdus	1649486	G	22	75	97	0.00064
Tardibacter	2685927	G	10	26	36	0.00024
Blastomonas	150203	G	7	9	16	0.00011
Citromicrobium	72173	G	1	4	5	0.00003
Sphingorhabdus	1434046	G	1	0	1	0.00001
Novosphingopyxis	2709686	G	1	6	7	0.00005
Croceicoccus	1295327	G	112	499	611	0.00402
Aurantiacibacter	2800681	G	51	51	102	0.00067
Porphyrobacter	1111	G	15	55	70	0.00046
Erythrobacter	1041	G	8	9	17	0.00011
Qipengyuania	1855416	G	7	23	30	0.00020
Altererythrobacter	361177	G	5	8	13	0.00009
Tsuneonella	2800686	G	5	18	23	0.00015
Croceibacterium	2676755	G	2	1	3	0.00002
Sphingosinicella	335405	G	3	6	9	0.00006
Nitrobacter	911	G	4057	246	4303	0.02832
Bradyrhizobium	374	G	7	0	7	0.00005
Brucella	234	G	2	3	5	0.00003
Ochrobactrum	528	G	1	9	10	0.00007
Mesorhizobium	68287	G	1	0	1	0.00001
Methylobacterium	407	G	1	0	1	0.00001
Niveispirillum	1543704	G	25	18	43	0.00028
Granulibacter	364409	G	4	0	4	0.00003
Kozakia	153497	G	3	1	4	0.00003
Gluconobacter	441	G	1	0	1	0.00001
Acetobacter	434	G	1	0	1	0.00001
Komagataeibacter	1434011	G	1	0	1	0.00001
Brevundimonas	41275	G	3	2	5	0.00003
Caulobacter	75	G	2	0	2	0.00001
Paroceanicella	2683599	G	3	0	3	0.00002
Paracoccus	265	G	1	0	1	0.00001
Tistrella	171436	G	1	0	1	0.00001
Halomonas	2745	G	8436	3261	11697	0.07699
Vreelandella	3137766	G	212	325	537	0.00353
Billgrantia	3137761	G	3	35	38	0.00025
Salinicola	404432	G	3	0	3	0.00002
Chromohalobacter	42054	G	2	0	2	0.00001
Modicisalibacter	574347	G	1	25	26	0.00017
Alcanivorax	59753	G	1	1	2	0.00001
Alloalcanivorax	3020832	G	1	0	1	0.00001
Pseudomonas	286	G	1514	765	2279	0.01500
Stutzerimonas	2901164	G	1	2	3	0.00002
Ectopseudomonas	3236654	G	1	0	1	0.00001
Marinobacter	2742	G	5	0	5	0.00003
Stenotrophomonas	40323	G	145	37	182	0.00120
Xanthomonas	338	G	3	0	3	0.00002
Klebsiella	570	G	19	26	45	0.00030
Escherichia	561	G	2	42	44	0.00029
Enterobacter	547	G	1	26	27	0.00018
Morganella	581	G	11	4	15	0.00010
Serratia	613	G	1	103	104	0.00068
Acinetobacter	469	G	3	1	4	0.00003
Aequoribacter	2847769	G	2	2	4	0.00003
Teredinibacter	2425	G	1	0	1	0.00001
Vibrio	662	G	2	0	2	0.00001
Photobacterium	657	G	1	0	1	0.00001
Aeromonas	642	G	2	35	37	0.00024
Pseudoalteromonas	53246	G	1	1	2	0.00001
Thioalkalivibrio	106633	G	1	0	1	0.00001
Cloacibacterium	501783	G	653	29	682	0.00449
Elizabethkingia	308865	G	8	0	8	0.00005
Chryseobacterium	59732	G	1	0	1	0.00001
Flavobacterium	237	G	581	12	593	0.00390
Sphingobacterium	28453	G	2	0	2	0.00001
Bacteriovorax	146784	G	81	1	82	0.00054
Poseidonibacter	2321187	G	1	0	1	0.00001
Oryzobacter	1849973	G	2	14	16	0.00011
Arsenicicoccus	267408	G	1	7	8	0.00005
Phycicoccus	367298	G	1	14	15	0.00010
Ornithinimicrobium	125287	G	1	1	2	0.00001
Serinicoccus	265976	G	1	5	6	0.00004
Paeniglutamicibacter	1742990	G	1	0	1	0.00001
Austwickia	1184606	G	1	7	8	0.00005
Brachybacterium	43668	G	1	17	18	0.00012
Yimella	908935	G	1	1	2	0.00001
Propioniciclava	1085622	G	4	73	77	0.00051
Propionibacterium	1743	G	1	22	23	0.00015
Nocardioides	1839	G	3	17	20	0.00013
Micropruina	116071	G	1	8	9	0.00006
Mycobacterium	1763	G	2	0	2	0.00001
Mycolicibacterium	1866885	G	1	0	1	0.00001
Streptomyces	1883	G	3	24	27	0.00018
Staphylococcus	1279	G	17	6	23	0.00015
Paenibacillus	44249	G	2	0	2	0.00001
Lactococcus	1357	G	14	0	14	0.00009
Tetragenococcus	51668	G	2	590	592	0.00390
Thermus	270	G	3	0	3	0.00002
Fusobacterium	848	G	1	0	1	0.00001
Homo	9605	G	7395	6433	13828	0.09102
Pan	9596	G	16	13	29	0.00019
Symphalangus	325166	G	1	0	1	0.00001
Mus	10088	G	2	0	2	0.00001
Gallus	9030	G	2	0	2	0.00001
Apteryx	8821	G	1	0	1	0.00001
Diploscapter	55799	G	5	14	19	0.00013
Spirometra	46580	G	7	0	7	0.00005
Wolfiporia	81055	G	2	3	5	0.00003
Alternaria	5598	G	1	0	1	0.00001
Paramecium	5884	G	1067	23	1090	0.00717
Collozoum	65591	G	2	0	2	0.00001
Linum	4005	G	66	7	73	0.00048
Cucurbita	3660	G	1	1	2	0.00001
Solanum	4107	G	3	0	3	0.00002
Circaeaster	39162	G	65	13	78	0.00051
Naegleria	5761	G	11	0	11	0.00007
Skatevirus	2948910	G	1	0	1	0.00001
Tequatrovirus	10663	G	1	0	1	0.00001
Jerseyvirus	1910991	G	1	8	9	0.00006
