name	taxonomy_id	taxonomy_lvl	kraken_assigned_reads	added_reads	new_est_reads	fraction_total_reads
Delftia	80865	G	623725	659687	1283412	0.31314
Polaromonas	52972	G	1053	122	1175	0.00029
Hydrogenophaga	47420	G	527	622	1149	0.00028
Ottowia	219181	G	28	15	43	0.00001
Diaphorobacter	238749	G	20	4069	4089	0.00100
Bordetella	517	G	1532	4738	6270	0.00153
Neopusillimonas	2987605	G	7	10	17	0.00000
Alcaligenes	507	G	1	358	359	0.00009
Cupriavidus	106589	G	8	22	30	0.00001
Pandoraea	93217	G	1	0	1	0.00000
Thauera	33057	G	300092	302785	602877	0.14710
Azoarcus	12960	G	1923	769	2692	0.00066
Pseudazoarcus	2891323	G	1801	912	2713	0.00066
Parazoarcus	2891322	G	288	478	766	0.00019
Zoogloea	349	G	2	1	3	0.00000
Pseudothauera	2891324	G	1	35	36	0.00001
Aromatoleum	551759	G	4139	2577	6716	0.00164
Azospira	146937	G	204	1007	1211	0.00030
Dechloromonas	73029	G	459	222	681	0.00017
Ferribacterium	88875	G	348	516	864	0.00021
Azonexus	146936	G	18	42	60	0.00001
Nitrosomonas	914	G	15454	17542	32996	0.00805
Sterolibacterium	157591	G	630	472	1102	0.00027
Denitratisoma	311181	G	3	1338	1341	0.00033
Candidatus_Accumulibacter	327159	G	38	6	44	0.00001
Novosphingobium	165696	G	49215	74808	124023	0.03026
Sphingomonas	13687	G	17282	5131	22413	0.00547
Sphingobium	165695	G	10931	31504	42435	0.01035
Sphingopyxis	165697	G	1721	4584	6305	0.00154
Tardibacter	2685927	G	476	2675	3151	0.00077
Rhizorhabdus	1649486	G	17	67	84	0.00002
Sphingorhabdus	1434046	G	2	0	2	0.00000
Croceicoccus	1295327	G	1071	4191	5262	0.00128
Porphyrobacter	1111	G	196	560	756	0.00018
Aurantiacibacter	2800681	G	73	60	133	0.00003
Qipengyuania	1855416	G	48	202	250	0.00006
Altererythrobacter	361177	G	4	1	5	0.00000
Nitrobacter	911	G	70528	40106	110634	0.02699
Bradyrhizobium	374	G	841	0	841	0.00021
Ochrobactrum	528	G	127	3135	3262	0.00080
Brucella	234	G	2	0	2	0.00000
Methylobacterium	407	G	13	358	371	0.00009
Caulobacter	75	G	188	136	324	0.00008
Brevundimonas	41275	G	6	12	18	0.00000
Acetobacter	434	G	10	0	10	0.00000
Niveispirillum	1543704	G	1	0	1	0.00000
Pseudomonas	286	G	41123	79702	120825	0.02948
Ectopseudomonas	3236654	G	644	2608	3252	0.00079
Marinobacter	2742	G	39	103	142	0.00003
Halomonas	2745	G	9900	15613	25513	0.00622
Vreelandella	3137766	G	60	117	177	0.00004
Chromohalobacter	42054	G	2	3	5	0.00000
Cobetia	204286	G	2	0	2	0.00000
Alloalcanivorax	3020832	G	60	48	108	0.00003
Stenotrophomonas	40323	G	10628	3402	14030	0.00342
Xanthomonas	338	G	11	141	152	0.00004
Klebsiella	570	G	183	0	183	0.00004
Morganella	581	G	29	614	643	0.00016
Aeromonas	642	G	2430	12162	14592	0.00356
Vibrio	662	G	1353	987	2340	0.00057
Acinetobacter	469	G	749	0	749	0.00018
Shewanella	22	G	65	355	420	0.00010
Teredinibacter	2425	G	20	3	23	0.00001
Aequoribacter	2847769	G	6	31	37	0.00001
Thioalkalivibrio	106633	G	1	2	3	0.00000
Flavobacterium	237	G	194754	49830	244584	0.05968
Cloacibacterium	501783	G	284	4416	4700	0.00115
Elizabethkingia	308865	G	2	91	93	0.00002
Sphingobacterium	28453	G	16	0	16	0.00000
Bacteriovorax	146784	G	688	15	703	0.00017
Poseidonibacter	2321187	G	4	44	48	0.00001
Staphylococcus	1279	G	23097	4211	27308	0.00666
Paenibacillus	44249	G	3866	0	3866	0.00094
Tetragenococcus	51668	G	10518	17559	28077	0.00685
Lactococcus	1357	G	7804	2740	10544	0.00257
Mycobacterium	1763	G	3796	561107	564903	0.13783
Microbacterium	33882	G	420	93	513	0.00013
Humibacter	427753	G	2	5	7	0.00000
Brevibacterium	1696	G	403	1107	1510	0.00037
Serinicoccus	265976	G	94	148	242	0.00006
Ornithinimicrobium	125287	G	1	1	2	0.00000
Dermacoccus	57495	G	60	104	164	0.00004
Austwickia	1184606	G	4	3	7	0.00000
Cutibacterium	1912216	G	770	1649	2419	0.00059
Brooklawnia	369926	G	41	84	125	0.00003
Naumannella	1294511	G	4	4	8	0.00000
Nocardioides	1839	G	1	1802	1803	0.00044
Streptomyces	1883	G	1	0	1	0.00000
Thermus	270	G	926	34925	35851	0.00875
Homo	9605	G	22708	426126	448834	0.10951
Mus	10088	G	1027	753	1780	0.00043
Gallus	9030	G	2413	208	2621	0.00064
Apteryx	8821	G	19	0	19	0.00000
Wolfiporia	81055	G	408	664	1072	0.00026
Alternaria	5598	G	6	0	6	0.00000
Circaeaster	39162	G	9279	50053	59332	0.01448
Linum	4005	G	40	690	730	0.00018
Paramecium	5884	G	4691	701	5392	0.00132
Tequatrovirus	10663	G	2223	194809	197032	0.04807
