name	taxonomy_id	taxonomy_lvl	kraken_assigned_reads	added_reads	new_est_reads	fraction_total_reads
Delftia	80865	G	442761	539604	982365	0.32105
Polaromonas	52972	G	613	75	688	0.00022
Hydrogenophaga	47420	G	300	393	693	0.00023
Ottowia	219181	G	14	8	22	0.00001
Diaphorobacter	238749	G	12	2419	2431	0.00079
Bordetella	517	G	1031	3730	4761	0.00156
Neopusillimonas	2987605	G	5	7	12	0.00000
Pandoraea	93217	G	1	0	1	0.00000
Cupriavidus	106589	G	1	3	4	0.00000
Thauera	33057	G	208442	234460	442902	0.14474
Azoarcus	12960	G	1291	538	1829	0.00060
Pseudazoarcus	2891323	G	1121	572	1693	0.00055
Parazoarcus	2891322	G	134	256	390	0.00013
Zoogloea	349	G	1	0	1	0.00000
Aromatoleum	551759	G	3050	2126	5176	0.00169
Azospira	146937	G	137	738	875	0.00029
Dechloromonas	73029	G	208	111	319	0.00010
Ferribacterium	88875	G	173	258	431	0.00014
Azonexus	146936	G	14	34	48	0.00002
Nitrosomonas	914	G	11478	10718	22196	0.00725
Sterolibacterium	157591	G	304	263	567	0.00019
Denitratisoma	311181	G	2	0	2	0.00000
Candidatus_Accumulibacter	327159	G	27	683	710	0.00023
Novosphingobium	165696	G	33522	57494	91016	0.02974
Sphingomonas	13687	G	11853	3826	15679	0.00512
Sphingobium	165695	G	7661	23724	31385	0.01026
Sphingopyxis	165697	G	1176	3520	4696	0.00153
Tardibacter	2685927	G	345	2187	2532	0.00083
Rhizorhabdus	1649486	G	10	45	55	0.00002
Sphingorhabdus	1434046	G	1	0	1	0.00000
Croceicoccus	1295327	G	720	2888	3608	0.00118
Porphyrobacter	1111	G	126	391	517	0.00017
Aurantiacibacter	2800681	G	44	38	82	0.00003
Qipengyuania	1855416	G	35	167	202	0.00007
Altererythrobacter	361177	G	1	0	1	0.00000
Nitrobacter	911	G	47086	29201	76287	0.02493
Bradyrhizobium	374	G	449	0	449	0.00015
Ochrobactrum	528	G	58	1719	1777	0.00058
Brucella	234	G	2	0	2	0.00000
Methylobacterium	407	G	11	219	230	0.00008
Caulobacter	75	G	128	111	239	0.00008
Brevundimonas	41275	G	3	7	10	0.00000
Acetobacter	434	G	3	0	3	0.00000
Pseudomonas	286	G	30710	49850	80560	0.02633
Ectopseudomonas	3236654	G	309	1685	1994	0.00065
Marinobacter	2742	G	29	104	133	0.00004
Halomonas	2745	G	6443	9566	16009	0.00523
Vreelandella	3137766	G	36	65	101	0.00003
Cobetia	204286	G	1	0	1	0.00000
Alloalcanivorax	3020832	G	29	24	53	0.00002
Stenotrophomonas	40323	G	7800	2665	10465	0.00342
Xanthomonas	338	G	5	87	92	0.00003
Klebsiella	570	G	109	0	109	0.00004
Morganella	581	G	17	460	477	0.00016
Aeromonas	642	G	1691	9866	11557	0.00378
Acinetobacter	469	G	567	0	567	0.00019
Vibrio	662	G	603	516	1119	0.00037
Teredinibacter	2425	G	14	2	16	0.00001
Aequoribacter	2847769	G	4	4	8	0.00000
Shewanella	22	G	17	122	139	0.00005
Flavobacterium	237	G	144190	36249	180439	0.05897
Cloacibacterium	501783	G	135	3040	3175	0.00104
Elizabethkingia	308865	G	1	63	64	0.00002
Sphingobacterium	28453	G	9	0	9	0.00000
Bacteriovorax	146784	G	412	10	422	0.00014
Staphylococcus	1279	G	15406	3690	19096	0.00624
Paenibacillus	44249	G	2600	0	2600	0.00085
Tetragenococcus	51668	G	8262	16934	25196	0.00823
Lactococcus	1357	G	5881	3036	8917	0.00291
Mycobacterium	1763	G	2924	591800	594724	0.19436
Microbacterium	33882	G	251	61	312	0.00010
Humibacter	427753	G	1	2	3	0.00000
Brevibacterium	1696	G	234	684	918	0.00030
Serinicoccus	265976	G	55	79	134	0.00004
Dermacoccus	57495	G	36	72	108	0.00004
Austwickia	1184606	G	1	0	1	0.00000
Cutibacterium	1912216	G	588	865	1453	0.00047
Brooklawnia	369926	G	16	884	900	0.00029
Thermus	270	G	720	8658	9378	0.00306
Homo	9605	G	15976	325937	341913	0.11174
Mus	10088	G	696	486	1182	0.00039
Gallus	9030	G	631	62	693	0.00023
Apteryx	8821	G	14	0	14	0.00000
Wolfiporia	81055	G	310	571	881	0.00029
Alternaria	5598	G	3	0	3	0.00000
Circaeaster	39162	G	5959	35102	41061	0.01342
Linum	4005	G	25	333	358	0.00012
Paramecium	5884	G	3402	577	3979	0.00130
Tequatrovirus	10663	G	1637	0	1637	0.00053
