name	taxonomy_id	taxonomy_lvl	kraken_assigned_reads	added_reads	new_est_reads	fraction_total_reads
Thauera	33057	G	2180129	1988171	4168300	0.26110
Azoarcus	12960	G	20190	11986	32176	0.00202
Zoogloea	349	G	16466	10014	26480	0.00166
Pseudazoarcus	2891323	G	9075	1861	10936	0.00069
Parazoarcus	2891322	G	3430	2707	6137	0.00038
Pseudothauera	2891324	G	409	45620	46029	0.00288
Nitrogeniibacter	2891294	G	44	2	46	0.00000
Dechloromonas	73029	G	65832	106139	171971	0.01077
Ferribacterium	88875	G	38091	115147	153238	0.00960
Quatrionicoccus	138117	G	1824	9801	11625	0.00073
Azonexus	146936	G	431	1625	2056	0.00013
Aromatoleum	551759	G	52358	22434	74792	0.00468
Azospira	146937	G	4322	36812	41134	0.00258
Oryzomicrobium	1911577	G	75	11	86	0.00001
Niveibacterium	1769726	G	10	0	10	0.00000
Propionivibrio	83766	G	1	42	43	0.00000
Fluviibacter	2808942	G	5	0	5	0.00000
Delftia	80865	G	1448059	922733	2370792	0.14850
Hydrogenophaga	47420	G	5128	975	6103	0.00038
Polaromonas	52972	G	3276	549	3825	0.00024
Comamonas	283	G	2860	3651	6511	0.00041
Diaphorobacter	238749	G	2232	21831	24063	0.00151
Ottowia	219181	G	1524	100	1624	0.00010
Melaminivora	1649468	G	1206	443	1649	0.00010
Acidovorax	12916	G	1189	754	1943	0.00012
Pulveribacter	2678886	G	1041	154	1195	0.00007
Variovorax	34072	G	333	71	404	0.00003
Curvibacter	281915	G	262	38	300	0.00002
Simplicispira	352450	G	181	21	202	0.00001
Paracidovorax	3051137	G	162	94	256	0.00002
Alicycliphilus	201096	G	89	1019	1108	0.00007
Rhodoferax	28065	G	26	13	39	0.00000
Serpentinimonas	2490452	G	21	2	23	0.00000
Brachymonas	28219	G	2	0	2	0.00000
Ramlibacter	174951	G	1	0	1	0.00000
Candidatus_Symbiobacter	1436289	G	1	0	1	0.00000
Bordetella	517	G	4253	6218	10471	0.00066
Achromobacter	222	G	2506	2414	4920	0.00031
Orrella	1921582	G	2032	884	2916	0.00018
Alcaligenes	507	G	1624	47251	48875	0.00306
Neopusillimonas	2987605	G	616	1104	1720	0.00011
Advenella	290425	G	49	30	79	0.00000
Castellaniella	359336	G	22	67	89	0.00001
Pollutimonas	2987599	G	4	0	4	0.00000
Oligella	90243	G	3	0	3	0.00000
Cupriavidus	106589	G	1959	2067	4026	0.00025
Ralstonia	48736	G	1455	1902	3357	0.00021
Burkholderia	32008	G	689	1933	2622	0.00016
Pandoraea	93217	G	225	37	262	0.00002
Robbsia	2038280	G	7	0	7	0.00000
Paraburkholderia	1822464	G	4	0	4	0.00000
Massilia	149698	G	134	247	381	0.00002
Pseudoduganella	1522432	G	2	0	2	0.00000
Janthinobacterium	29580	G	89	39	128	0.00001
Undibacterium	401469	G	64	4	68	0.00000
Herbaspirillum	963	G	35	0	35	0.00000
Ideonella	36862	G	301	84	385	0.00002
Methylibium	316612	G	164	102	266	0.00002
Rubrivivax	28067	G	10	0	10	0.00000
Sphaerotilus	34102	G	7	1	8	0.00000
Piscinibacter	1114981	G	6	0	6	0.00000
Roseateles	93681	G	2	0	2	0.00000
Thiomonas	32012	G	29	0	29	0.00000
Xylophilus	54066	G	23	3	26	0.00000
Nitrosomonas	914	G	190263	235134	425397	0.02665
Nitrosospira	35798	G	191	5	196	0.00001
Sterolibacterium	157591	G	8179	2900	11079	0.00069
Denitratisoma	311181	G	1779	2302	4081	0.00026
Candidatus_Nitricoxidivorans	3071076	G	398	84	482	0.00003
Sulfuritalea	1054211	G	119	25	144	0.00001
Rugosibacter	1914449	G	49	40	89	0.00001
Sulfuritortus	1938335	G	2724	3979	6703	0.00042
Thiobacillus	919	G	131	56	187	0.00001
Methylobacillus	404	G	149	97	246	0.00002
Candidatus_Nitrotoga	453161	G	103	2	105	0.00001
Gallionella	96	G	5	0	5	0.00000
Sulfurimicrobium	2772198	G	40	2	42	0.00000
Sulfuriferula	1778653	G	7	0	7	0.00000
Candidatus_Accumulibacter	327159	G	123747	38667	162414	0.01017
Candidatus_Desulfobacillus	2819026	G	209	41	250	0.00002
Casimicrobium	2706000	G	2	56958	56960	0.00357
Neisseria	482	G	67	60	127	0.00001
Aquella	2593687	G	7	0	7	0.00000
Crenobacter	1654931	G	4	10	14	0.00000
Chitiniphilus	585890	G	62	31	93	0.00001
Laribacter	168470	G	26	77	103	0.00001
Aquaspirillum	187	G	17	12	29	0.00000
Chromobacterium	535	G	14	0	14	0.00000
Aquitalea	407217	G	4	8	12	0.00000
Vogesella	57739	G	1	89	90	0.00001
Nitrobacter	911	G	913960	97710	1011670	0.06337
Bradyrhizobium	374	G	11904	60	11964	0.00075
Tardiphaga	1395974	G	1154	176	1330	0.00008
Afipia	1033	G	371	512	883	0.00006
Methylobacterium	407	G	4173	601	4774	0.00030
Methylorubrum	2282523	G	2	485	487	0.00003
Nitratireductor	245876	G	358	6884	7242	0.00045
Mesorhizobium	68287	G	181	2	183	0.00001
Ochrobactrum	528	G	903	10265	11168	0.00070
Brucella	234	G	65	145	210	0.00001
Agrobacterium	357	G	278	158	436	0.00003
Neorhizobium	1525371	G	124	16	140	0.00001
Rhizobium	379	G	24	5	29	0.00000
Shinella	323620	G	22	14	36	0.00000
Ensifer	106591	G	10	4	14	0.00000
Sinorhizobium	28105	G	1	1	2	0.00000
Bartonella	773	G	113	4	117	0.00001
Martelella	293088	G	12	5	17	0.00000
Aureimonas	414371	G	3	0	3	0.00000
Parvibaculum	256616	G	11	20	31	0.00000
Bosea	85413	G	5	0	5	0.00000
Methylocystis	133	G	3	0	3	0.00000
Roseibium	150830	G	1	0	1	0.00000
Breoghania	1406135	G	1	0	1	0.00000
Xanthobacter	279	G	2	2	4	0.00000
Pelagibacterium	1082930	G	1	0	1	0.00000
Novosphingobium	165696	G	242212	185198	427410	0.02677
Sphingobium	165695	G	56403	88713	145116	0.00909
Sphingomonas	13687	G	50558	62331	112889	0.00707
Sphingopyxis	165697	G	7770	8662	16432	0.00103
Tardibacter	2685927	G	1155	2815	3970	0.00025
Rhizorhabdus	1649486	G	1119	3940	5059	0.00032
Blastomonas	150203	G	304	176	480	0.00003
Hankyongella	1763827	G	196	98	294	0.00002
Novosphingopyxis	2709686	G	169	500	669	0.00004
Stakelama	1124625	G	50	3	53	0.00000
Sphingosinithalassobacter	2676233	G	27	41	68	0.00000
Sphingorhabdus	1434046	G	16	0	16	0.00000
Citromicrobium	72173	G	15	863	878	0.00005
Candidatus_Andeanibacterium	3121344	G	4	0	4	0.00000
Croceicoccus	1295327	G	7012	22297	29309	0.00184
Porphyrobacter	1111	G	795	1639	2434	0.00015
Erythrobacter	1041	G	251	107	358	0.00002
Altererythrobacter	361177	G	591	159	750	0.00005
Qipengyuania	1855416	G	549	1115	1664	0.00010
Aurantiacibacter	2800681	G	464	283	747	0.00005
Tsuneonella	2800686	G	124	197	321	0.00002
Pelagerythrobacter	2800685	G	124	47	171	0.00001
Croceibacterium	2676755	G	38	20	58	0.00000
Caenibius	2827482	G	17	45	62	0.00000
Sphingosinicella	335405	G	24	45	69	0.00000
Sandaracinobacteroides	2883109	G	3	0	3	0.00000
Polymorphobacter	1508451	G	2	0	2	0.00000
Paracoccus	265	G	1041	880	1921	0.00012
Paroceanicella	2683599	G	28	533	561	0.00004
Roseovarius	74030	G	3	22	25	0.00000
Marivita	659428	G	1	2113	2114	0.00013
Acetobacter	434	G	489	19	508	0.00003
Kozakia	153497	G	24	96	120	0.00001
Granulibacter	364409	G	16	2	18	0.00000
Gluconobacter	441	G	13	7	20	0.00000
Komagataeibacter	1434011	G	9	33	42	0.00000
Acidibrevibacterium	2603324	G	4	0	4	0.00000
Nguyenibacter	1519186	G	3	0	3	0.00000
Asaia	91914	G	1	6	7	0.00000
Roseomonas	125216	G	460	124	584	0.00004
Brevundimonas	41275	G	395	133	528	0.00003
Caulobacter	75	G	354	135	489	0.00003
Niveispirillum	1543704	G	502	147	649	0.00004
Azospirillum	191	G	54	7	61	0.00000
Defluviicoccus	111830	G	3	5	8	0.00000
Tistrella	171436	G	36	430635	430671	0.02698
Candidatus_Competibacter	221279	G	2385	20396	22781	0.00143
Halomonas	2745	G	138878	128529	267407	0.01675
Vreelandella	3137766	G	4937	3619	8556	0.00054
Chromohalobacter	42054	G	242	112	354	0.00002
Cobetia	204286	G	160	11	171	0.00001
Salinicola	404432	G	108	26	134	0.00001
Billgrantia	3137761	G	88	387	475	0.00003
Pistricoccus	1897649	G	19	1	20	0.00000
Modicisalibacter	574347	G	2	47	49	0.00000
Bisbaumannia	3137762	G	2	87	89	0.00001
Kushneria	504090	G	1	0	1	0.00000
Alloalcanivorax	3020832	G	355	128	483	0.00003
Alcanivorax	59753	G	15	26	41	0.00000
Marinomonas	28253	G	3	0	3	0.00000
Thalassolituus	187492	G	3	0	3	0.00000
Marinobacterium	48075	G	1	0	1	0.00000
Pseudomonas	286	G	110578	365878	476456	0.02984
Ectopseudomonas	3236654	G	7292	6738	14030	0.00088
Stutzerimonas	2901164	G	531	962	1493	0.00009
Thiopseudomonas	1654787	G	35	10	45	0.00000
Halopseudomonas	2901189	G	2	0	2	0.00000
Metapseudomonas	3236656	G	1	0	1	0.00000
Marinobacter	2742	G	729	564	1293	0.00008
Stenotrophomonas	40323	G	62552	16477	79029	0.00495
Xanthomonas	338	G	7865	14684	22549	0.00141
Luteimonas	83614	G	7	0	7	0.00000
Pseudoxanthomonas	83618	G	4	0	4	0.00000
Lysobacter	68	G	2	0	2	0.00000
Rhodanobacter	75309	G	5	0	5	0.00000
Klebsiella	570	G	2809	4421	7230	0.00045
Enterobacter	547	G	457	8962	9419	0.00059
Escherichia	561	G	397	14620	15017	0.00094
Citrobacter	544	G	19	202	221	0.00001
Salmonella	590	G	19	2407	2426	0.00015
Leclercia	83654	G	2	7	9	0.00000
Morganella	581	G	341	176	517	0.00003
Proteus	583	G	1	1	2	0.00000
Serratia	613	G	38	1676	1714	0.00011
Sodalis	84565	G	35	4	39	0.00000
Pectobacterium	122277	G	17	11	28	0.00000
Aeromonas	642	G	6097	56500	62597	0.00392
Oceanimonas	129577	G	28	13	41	0.00000
Tolumonas	43947	G	26	35	61	0.00000
Zobellella	347533	G	1	0	1	0.00000
Candidatus_Methylospira	1808977	G	2212	191	2403	0.00015
Methylomonas	416	G	1415	117	1532	0.00010
Methylocaldum	73778	G	652	137	789	0.00005
Methylococcus	413	G	519	85	604	0.00004
Methylotuvimicrobium	2822410	G	360	358	718	0.00004
Methylomarinum	1221209	G	57	18	75	0.00000
Methylomicrobium	39773	G	7	58	65	0.00000
Methylobacter	429	G	2	5536	5538	0.00035
Vibrio	662	G	4272	1829	6101	0.00038
Photobacterium	657	G	58	6	64	0.00000
Salinivibrio	51366	G	38	4	42	0.00000
Shewanella	22	G	2927	9587	12514	0.00078
Idiomarina	135575	G	39	28	67	0.00000
Pseudidiomarina	2800384	G	1	0	1	0.00000
Pseudoalteromonas	53246	G	4	1	5	0.00000
Teredinibacter	2425	G	2850	187	3037	0.00019
Aequoribacter	2847769	G	30	19	49	0.00000
Microbulbifer	48073	G	1	0	1	0.00000
Acinetobacter	469	G	1373	671	2044	0.00013
Nitrosococcus	1227	G	102	6	108	0.00001
Caldichromatium	2828366	G	87	10	97	0.00001
Thiodictyon	53392	G	9	0	9	0.00000
Ectothiorhodospira	1051	G	62	30	92	0.00001
Acidihalobacter	1765964	G	37	21	58	0.00000
Thioalkalivibrio	106633	G	4	2	6	0.00000
Halothiobacillus	109262	G	1	0	1	0.00000
Thiothrix	1030	G	138	0	138	0.00001
Methylophaga	40222	G	68	10	78	0.00000
Thiomicrospira	933	G	9	352	361	0.00002
Thiohalobacter	1273155	G	3	0	3	0.00000
Acidithiobacillus	119977	G	3230	1507	4737	0.00030
Flavobacterium	237	G	2044575	155002	2199577	0.13778
Myroides	76831	G	13	321	334	0.00002
Cloacibacterium	501783	G	7109	65831	72940	0.00457
Chryseobacterium	59732	G	895	25	920	0.00006
Elizabethkingia	308865	G	75	392	467	0.00003
Empedobacter	59734	G	2	22	24	0.00000
Riemerella	34084	G	1	5	6	0.00000
Sphingobacterium	28453	G	24559	0	24559	0.00154
Leadbetterella	319458	G	3	20	23	0.00000
Flavisolibacter	398041	G	2	0	2	0.00000
Chlorobaculum	256319	G	6	0	6	0.00000
Chlorobium	1091	G	2	0	2	0.00000
Bacteriovorax	146784	G	2428	66	2494	0.00016
Poseidonibacter	2321187	G	699	151	850	0.00005
Desulfovibrio	872	G	43	56	99	0.00001
Nitratidesulfovibrio	2802295	G	3	4	7	0.00000
Syntrophus	43773	G	66	59	125	0.00001
Desulfuromonas	890	G	1	3	4	0.00000
Geoalkalibacter	392332	G	1	3	4	0.00000
Trichlorobacter	115782	G	1	2	3	0.00000
Desulfococcus	896	G	7	24	31	0.00000
Desulfobulbus	893	G	2	35	37	0.00000
Candidatus_Electrothrix	1859128	G	1	0	1	0.00000
Desulfurispirillum	393029	G	85	39	124	0.00001
Lacipirellula	2691417	G	2	44	46	0.00000
Nitrospira	1234	G	32	5	37	0.00000
Paeniglutamicibacter	1742990	G	9509	7006	16515	0.00103
Glutamicibacter	1742989	G	485	524	1009	0.00006
Micrococcus	1269	G	276	4530	4806	0.00030
Pseudarthrobacter	1742993	G	48	407	455	0.00003
Arthrobacter	1663	G	30	274	304	0.00002
Kocuria	57493	G	22	432	454	0.00003
Citricoccus	169133	G	5	39	44	0.00000
Arsenicicoccus	267408	G	6043	19202	25245	0.00158
Phycicoccus	367298	G	347	3441	3788	0.00024
Janibacter	53457	G	192	725	917	0.00006
Nostocoides	99479	G	166	54911	55077	0.00345
Terrabacter	53355	G	143	19026	19169	0.00120
Knoellia	136099	G	56	87	143	0.00001
Oryzobacter	1849973	G	52	226	278	0.00002
Pedococcus	2805645	G	21	53	74	0.00000
Humibacillus	556178	G	4	10	14	0.00000
Intrasporangium	53357	G	1	2	3	0.00000
Austwickia	1184606	G	8399	27375	35774	0.00224
Agrococcus	46352	G	3452	13824	17276	0.00108
Microbacterium	33882	G	1546	3861	5407	0.00034
Pseudoclavibacter	255204	G	186	1962	2148	0.00013
Homoserinibacter	1649457	G	102	117	219	0.00001
Humibacter	427753	G	32	135	167	0.00001
Cryobacterium	69578	G	6	2	8	0.00000
Microcella	337004	G	3	7	10	0.00000
Brevibacterium	1696	G	2451	24610	27061	0.00170
Serinicoccus	265976	G	591	1906	2497	0.00016
Ornithinimicrobium	125287	G	249	513	762	0.00005
Pseudactinotalea	1926259	G	516	490	1006	0.00006
Cellulomonas	1707	G	162	940	1102	0.00007
Dermacoccus	57495	G	265	1167	1432	0.00009
Yimella	908935	G	55	61	116	0.00001
Brachybacterium	43668	G	78	675	753	0.00005
Kytococcus	57499	G	49	262	311	0.00002
Georgenia	154116	G	48	278	326	0.00002
Demequina	577469	G	42	40	82	0.00001
Ruania	626119	G	9	109079	109088	0.00683
Mycobacterium	1763	G	7642	152	7794	0.00049
Mycolicibacterium	1866885	G	3889	1931	5820	0.00036
Gordonia	2053	G	74	104	178	0.00001
Rhodococcus	1827	G	14	105	119	0.00001
Corynebacterium	1716	G	17	199	216	0.00001
Brooklawnia	369926	G	2079	16783	18862	0.00118
Cutibacterium	1912216	G	1048	2355	3403	0.00021
Naumannella	1294511	G	539	3046	3585	0.00022
Tessaracoccus	72763	G	138	575	713	0.00004
Acidipropionibacterium	1912215	G	102	807	909	0.00006
Propioniciclava	1085622	G	89	1321	1410	0.00009
Raineyella	1911549	G	57	981	1038	0.00007
Microlunatus	29404	G	26	60	86	0.00001
Propionibacterium	1743	G	25	289	314	0.00002
Solicola	3024237	G	65	103	168	0.00001
Nocardioides	1839	G	47	87	134	0.00001
Micropruina	116071	G	9	81	90	0.00001
Pimelobacter	2044	G	3	29	32	0.00000
Aeromicrobium	2040	G	1	0	1	0.00000
Streptomyces	1883	G	984	5675	6659	0.00042
Thermobifida	83677	G	13	31	44	0.00000
Streptosporangium	2000	G	1	154	155	0.00001
Micromonospora	1873	G	10	0	10	0.00000
Actinomyces	1654	G	1	20442	20443	0.00128
Conexibacter	191494	G	1	14	15	0.00000
Paraconexibacter	2758920	G	1	7	8	0.00000
Raoultibacter	1926677	G	1	6	7	0.00000
Staphylococcus	1279	G	50977	32467	83444	0.00523
Paenibacillus	44249	G	47538	871	48409	0.00303
Tetragenococcus	51668	G	17629	2416	20045	0.00126
Lactococcus	1357	G	14262	1825	16087	0.00101
Mesomycoplasma	2923352	G	31	153	184	0.00001
Oscillatoria	1158	G	4	868148	868152	0.05438
Fusobacterium	848	G	3468	13601	17069	0.00107
Thermus	270	G	1078	96	1174	0.00007
Homo	9605	G	131149	328364	459513	0.02878
Pan	9596	G	242	355	597	0.00004
Gorilla	9592	G	12	18	30	0.00000
Pongo	9599	G	24	16	40	0.00000
Symphalangus	325166	G	5	3	8	0.00000
Nomascus	325165	G	1	0	1	0.00000
Macaca	9539	G	6	8	14	0.00000
Callithrix	9481	G	1	1	2	0.00000
Mus	10088	G	5183	666	5849	0.00037
Phocoena	9741	G	1	1950	1951	0.00012
Gallus	9030	G	76176	3638	79814	0.00500
Meleagris	9102	G	127	1	128	0.00001
Apteryx	8821	G	593	0	593	0.00004
Danio	7954	G	14	1	15	0.00000
Lampetra	13103	G	2	0	2	0.00000
Oppiella	334624	G	233	141	374	0.00002
Aedes	7158	G	203	54	257	0.00002
Timema	61471	G	3	0	3	0.00000
Cyprideis	163713	G	14	0	14	0.00000
Diploscapter	55799	G	84	446	530	0.00003
Caenorhabditis	6237	G	1	0	1	0.00000
Priapulus	37847	G	4	0	4	0.00000
Spirometra	46580	G	53	0	53	0.00000
Haliotis	6452	G	11	0	11	0.00000
Wolfiporia	81055	G	970	596	1566	0.00010
Taiwanofungus	320360	G	5	42	47	0.00000
Antrodia	40415	G	5	16	21	0.00000
Alternaria	5598	G	153	4311	4464	0.00028
Circaeaster	39162	G	121951	51073	173024	0.01084
Aquilegia	3450	G	1	34	35	0.00000
Oryza	4527	G	7031	615	7646	0.00048
Triticum	4564	G	19	4	23	0.00000
Elaeis	51952	G	2	0	2	0.00000
Dioscorea	4672	G	7	0	7	0.00000
Linum	4005	G	1246	309	1555	0.00010
Prunus	3754	G	28	0	28	0.00000
Ziziphus	72171	G	1	0	1	0.00000
Cucurbita	3660	G	25	61	86	0.00001
Geranium	4028	G	1	2	3	0.00000
Solanum	4107	G	24	5	29	0.00000
Phyllonoma	23085	G	1	14	15	0.00000
Paramecium	5884	G	23840	938	24778	0.00155
Collozoum	65591	G	15	40	55	0.00000
Naegleria	5761	G	511	17	528	0.00003
Tequatrovirus	10663	G	89294	153678	242972	0.01522
Jerseyvirus	1910991	G	412	0	412	0.00003
Skatevirus	2948910	G	433	37	470	0.00003
Chlorovirus	181083	G	8	7	15	0.00000
Sinsheimervirus	1910954	G	4	4385	4389	0.00027
Candidatus_Moraniibacteriota bacterium	2045217	S	815	6060	6875	0.00043
Solirubrobacterales bacterium	768556	S	838	19604	20442	0.00128
