name	taxonomy_id	taxonomy_lvl	kraken_assigned_reads	added_reads	new_est_reads	fraction_total_reads
Pseudomonas	3723	G	81654	139799	221453	0.97232
Dechloromonas	46411	G	500	1077	1577	0.00692
Halomonas	3616	G	9	7	16	0.00007
Candidatus_Competibacter	26609	G	1	11	12	0.00005
Klebsiella	46465	G	12	86	98	0.00043
Odoribacter	43909	G	183	111	294	0.00129
Myroides	44258	G	228	233	461	0.00202
Flavobacterium	44221	G	1	2	3	0.00001
Thermus	44896	G	541	51	592	0.00260
Mycoplasma	45267	G	82	4	86	0.00038
Christensenellaceae R-7 group	45329	G	26	8	34	0.00015
Talaromyces	47987	G	6	2964	2970	0.01304
Paramecium	8927	G	5	149	154	0.00068
