name	taxonomy_id	taxonomy_lvl	kraken_assigned_reads	added_reads	new_est_reads	fraction_total_reads
Pseudomonas	3723	G	186090	170026	356116	0.91672
Dechloromonas	46411	G	2576	5414	7990	0.02057
Thauera	46425	G	20	37	57	0.00015
Propionivibrio	46419	G	4	4	8	0.00002
Azoarcus	46404	G	1	0	1	0.00000
Nitrosomonas	46368	G	57	17	74	0.00019
Klebsiella	46465	G	793	3450	4243	0.01092
Arsenophonus	46494	G	12	0	12	0.00003
Candidatus_Competibacter	26609	G	143	448	591	0.00152
Halomonas	3616	G	117	177	294	0.00076
Xanthomonas	3822	G	3	3	6	0.00002
Novosphingobium	2846	G	1	3	4	0.00001
Myroides	44258	G	3197	5443	8640	0.02224
Flavobacterium	44221	G	507	1218	1725	0.00444
Odoribacter	43909	G	388	77	465	0.00120
Christensenellaceae R-7 group	45329	G	118	37	155	0.00040
Mycoplasma	45267	G	125	1	126	0.00032
Streptococcus	1853	G	17	2483	2500	0.00644
Bacillus	1688	G	4	123	127	0.00033
Thermus	44896	G	541	27	568	0.00146
Bacteriovorax	44434	G	4	3	7	0.00002
Talaromyces	47987	G	29	4156	4185	0.01077
Taiwanofungus	49233	G	3	158	161	0.00041
Paramecium	8927	G	53	347	400	0.00103
