name	taxonomy_id	taxonomy_lvl	kraken_assigned_reads	added_reads	new_est_reads	fraction_total_reads
Delftia	80865	G	987829	648313	1636142	0.30091
Polaromonas	52972	G	2141	307	2448	0.00045
Hydrogenophaga	47420	G	1498	1180	2678	0.00049
Diaphorobacter	238749	G	116	17381	17497	0.00322
Ottowia	219181	G	100	34	134	0.00002
Melaminivora	1649468	G	5	6	11	0.00000
Variovorax	34072	G	3	0	3	0.00000
Comamonas	283	G	3	7	10	0.00000
Bordetella	517	G	2764	5291	8055	0.00148
Neopusillimonas	2987605	G	43	57	100	0.00002
Alcaligenes	507	G	2	233	235	0.00004
Achromobacter	222	G	1	1	2	0.00000
Oligella	90243	G	1	0	1	0.00000
Cupriavidus	106589	G	69	123	192	0.00004
Pandoraea	93217	G	2	0	2	0.00000
Thauera	33057	G	518800	373523	892323	0.16411
Azoarcus	12960	G	4216	1594	5810	0.00107
Pseudazoarcus	2891323	G	4004	1743	5747	0.00106
Parazoarcus	2891322	G	883	942	1825	0.00034
Zoogloea	349	G	18	179	197	0.00004
Pseudothauera	2891324	G	1	31	32	0.00001
Dechloromonas	73029	G	3628	1937	5565	0.00102
Ferribacterium	88875	G	904	1954	2858	0.00053
Azonexus	146936	G	36	100	136	0.00003
Aromatoleum	551759	G	6577	2919	9496	0.00175
Azospira	146937	G	398	2003	2401	0.00044
Nitrosomonas	914	G	22791	32028	54819	0.01008
Sterolibacterium	157591	G	2047	1036	3083	0.00057
Denitratisoma	311181	G	12	2	14	0.00000
Methylobacillus	404	G	1	3901	3902	0.00072
Candidatus_Accumulibacter	327159	G	119	19	138	0.00003
Novosphingobium	165696	G	85181	94481	179662	0.03304
Sphingomonas	13687	G	28775	9935	38710	0.00712
Sphingobium	165695	G	17912	39850	57762	0.01062
Sphingopyxis	165697	G	2805	5524	8329	0.00153
Tardibacter	2685927	G	692	2889	3581	0.00066
Rhizorhabdus	1649486	G	30	88	118	0.00002
Sphingorhabdus	1434046	G	8	0	8	0.00000
Croceicoccus	1295327	G	1891	6592	8483	0.00156
Porphyrobacter	1111	G	377	883	1260	0.00023
Erythrobacter	1041	G	4	0	4	0.00000
Aurantiacibacter	2800681	G	130	90	220	0.00004
Qipengyuania	1855416	G	74	241	315	0.00006
Altererythrobacter	361177	G	46	12	58	0.00001
Croceibacterium	2676755	G	2	1	3	0.00000
Nitrobacter	911	G	151350	75427	226777	0.04171
Bradyrhizobium	374	G	2416	0	2416	0.00044
Ochrobactrum	528	G	398	6861	7259	0.00134
Brucella	234	G	12	0	12	0.00000
Methylobacterium	407	G	18	0	18	0.00000
Bartonella	773	G	6	803	809	0.00015
Caulobacter	75	G	257	129	386	0.00007
Brevundimonas	41275	G	31	42	73	0.00001
Acetobacter	434	G	41	0	41	0.00001
Paracoccus	265	G	8	0	8	0.00000
Niveispirillum	1543704	G	4	2	6	0.00000
Pseudomonas	286	G	61881	166082	227963	0.04193
Ectopseudomonas	3236654	G	1425	3081	4506	0.00083
Marinobacter	2742	G	82	85	167	0.00003
Halomonas	2745	G	20359	38134	58493	0.01076
Vreelandella	3137766	G	123	258	381	0.00007
Chromohalobacter	42054	G	4	5	9	0.00000
Cobetia	204286	G	3	1	4	0.00000
Alloalcanivorax	3020832	G	134	73	207	0.00004
Stenotrophomonas	40323	G	15216	3310	18526	0.00341
Xanthomonas	338	G	137	1008	1145	0.00021
Klebsiella	570	G	546	0	546	0.00010
Morganella	581	G	84	656	740	0.00014
Aeromonas	642	G	3803	16541	20344	0.00374
Vibrio	662	G	3300	1623	4923	0.00091
Salinivibrio	51366	G	2	0	2	0.00000
Acinetobacter	469	G	1217	0	1217	0.00022
Shewanella	22	G	452	1731	2183	0.00040
Teredinibacter	2425	G	185	26	211	0.00004
Aequoribacter	2847769	G	7	94	101	0.00002
Nitrosococcus	1227	G	1	0	1	0.00000
Thioalkalivibrio	106633	G	1	1	2	0.00000
Flavobacterium	237	G	303938	89763	393701	0.07241
Cloacibacterium	501783	G	1285	10267	11552	0.00212
Elizabethkingia	308865	G	9	228	237	0.00004
Sphingobacterium	28453	G	34	0	34	0.00001
Bacteriovorax	146784	G	1444	39	1483	0.00027
Poseidonibacter	2321187	G	97	95	192	0.00004
Desulfurispirillum	393029	G	2	0	2	0.00000
Staphylococcus	1279	G	39444	4945	44389	0.00816
Paenibacillus	44249	G	10232	0	10232	0.00188
Tetragenococcus	51668	G	12671	12978	25649	0.00472
Lactococcus	1357	G	11123	1752	12875	0.00237
Mycobacterium	1763	G	5065	115239	120304	0.02213
Mycolicibacterium	1866885	G	7	0	7	0.00000
Gordonia	2053	G	5	13515	13520	0.00249
Brevibacterium	1696	G	822	3759	4581	0.00084
Microbacterium	33882	G	711	172	883	0.00016
Agrococcus	46352	G	4	13	17	0.00000
Humibacter	427753	G	2	5	7	0.00000
Serinicoccus	265976	G	250	448	698	0.00013
Ornithinimicrobium	125287	G	3	3	6	0.00000
Austwickia	1184606	G	107	179	286	0.00005
Dermacoccus	57495	G	96	209	305	0.00006
Nostocoides	99479	G	1	157	158	0.00003
Arsenicicoccus	267408	G	1	2	3	0.00000
Phycicoccus	367298	G	1	74	75	0.00001
Brachybacterium	43668	G	2	8	10	0.00000
Cutibacterium	1912216	G	1035	2590	3625	0.00067
Brooklawnia	369926	G	213	916	1129	0.00021
Naumannella	1294511	G	21	61	82	0.00002
Nocardioides	1839	G	1	1	2	0.00000
Streptomyces	1883	G	4	301908	301912	0.05553
Thermus	270	G	1068	442	1510	0.00028
Fusobacterium	848	G	1	0	1	0.00000
Homo	9605	G	39111	540994	580105	0.10669
Pan	9596	G	1	7	8	0.00000
Mus	10088	G	2262	1423	3685	0.00068
Gallus	9030	G	17017	1036	18053	0.00332
Apteryx	8821	G	45	0	45	0.00001
Diploscapter	55799	G	3	0	3	0.00000
Wolfiporia	81055	G	594	510	1104	0.00020
Alternaria	5598	G	9	276	285	0.00005
Circaeaster	39162	G	26434	90339	116773	0.02148
Linum	4005	G	170	1182	1352	0.00025
Solanum	4107	G	2	0	2	0.00000
Paramecium	5884	G	7980	522	8502	0.00156
Tequatrovirus	10663	G	4386	219378	223764	0.04115
Jerseyvirus	1910991	G	6	215	221	0.00004
