name	taxonomy_id	taxonomy_lvl	kraken_assigned_reads	added_reads	new_est_reads	fraction_total_reads
Pseudomonas	3723	G	224735	137784	362519	0.75094
Dechloromonas	46411	G	5941	8189	14130	0.02927
Thauera	46425	G	860	1123	1983	0.00411
Azoarcus	46404	G	193	113	306	0.00063
Propionivibrio	46419	G	168	110	278	0.00058
Zoogloea	46428	G	95	131	226	0.00047
uncultured	46429	G	38	34	72	0.00015
Candidatus_Accumulibacter	46409	G	16	15	31	0.00006
Bordetella	46194	G	2100	17941	20041	0.04151
Nitrosomonas	46368	G	441	77	518	0.00107
Neisseria	46354	G	93	22	115	0.00024
uncultured	46360	G	2	0	2	0.00000
Klebsiella	46465	G	3590	10800	14390	0.02981
Arsenophonus	46494	G	300	12	312	0.00065
Candidatus_Competibacter	26609	G	2345	1742	4087	0.00847
Halomonas	3616	G	981	1025	2006	0.00416
Xanthomonas	3822	G	8	5	13	0.00003
Novosphingobium	2846	G	179	1249	1428	0.00296
Myroides	44258	G	21687	9834	31521	0.06529
Flavobacterium	44221	G	9568	6898	16466	0.03411
NS5 marine group	44262	G	2	1	3	0.00001
NS4 marine group	44261	G	1	1	2	0.00000
Odoribacter	43909	G	465	18	483	0.00100
Streptococcus	1853	G	607	4573	5180	0.01073
Mycoplasma	45267	G	144	2	146	0.00030
Bacillus	1688	G	9	144	153	0.00032
Turicibacter	45234	G	1	0	1	0.00000
Christensenellaceae R-7 group	45329	G	232	74	306	0.00063
Tetrasphaera	43486	G	9	31	40	0.00008
Thermus	44896	G	541	15	556	0.00115
Endomicrobium	45106	G	147	2	149	0.00031
Bacteriovorax	44434	G	12	9	21	0.00004
Talaromyces	47987	G	51	3932	3983	0.00825
Pycnora	48269	G	12	325	337	0.00070
Xylobotryum	48777	G	1	2	3	0.00001
Taiwanofungus	49233	G	31	584	615	0.00127
Paramecium	8927	G	96	217	313	0.00065
