FASTQ_ID,Sample,Mutation_Treatment,Mutation,Treatment,Forward,Reverse
1154034,AD1,WT_DSS,WT,DSS,1202476F1154034_S45_L001_R1_001.fastq.gz,1202476F1154034_S45_L001_R2_001.fastq.gz
1154035,AD2,WT_DSS,WT,DSS,1202477F1154035_S46_L001_R1_001.fastq.gz,1202477F1154035_S46_L001_R2_001.fastq.gz
1154036,AD3,WT_DSS,WT,DSS,1202478F1154036_S47_L001_R1_001.fastq.gz,1202478F1154036_S47_L001_R2_001.fastq.gz
1154037,AD4,WT_DSS,WT,DSS,1202479F1154037_S48_L001_R1_001.fastq.gz,1202479F1154037_S48_L001_R2_001.fastq.gz
1154038,AD5,WT_DSS,WT,DSS,1202480F1154038_S49_L001_R1_001.fastq.gz,1202480F1154038_S49_L001_R2_001.fastq.gz
1154039,AD6,WT_DSS,WT,DSS,no_FASTQ,no_FASTQ
1154040,AD7,WT_DSS,WT,DSS,1202482F1154040_S51_L001_R1_001.fastq.gz,1202482F1154040_S51_L001_R2_001.fastq.gz
1154041,AD8,WT_DSS,WT,DSS,1202483F1154041_S52_L001_R1_001.fastq.gz,1202483F1154041_S52_L001_R2_001.fastq.gz
1154042,AD9,WT_DSS,WT,DSS,1202484F1154042_S53_L001_R1_001.fastq.gz,1202484F1154042_S53_L001_R2_001.fastq.gz
1154043,AD10,WT_DSS,WT,DSS,1202485F1154043_S54_L001_R1_001.fastq.gz,1202485F1154043_S54_L001_R2_001.fastq.gz
1154044,AD11,WT_DSS,WT,DSS,1202486F1154044_S55_L001_R1_001.fastq.gz,1202486F1154044_S55_L001_R2_001.fastq.gz
1154045,AD12,WT_DSS,WT,DSS,1202487F1154045_S56_L001_R1_001.fastq.gz,1202487F1154045_S56_L001_R2_001.fastq.gz
1154046,AD13,WT_DSS,WT,DSS,1202488F1154046_S57_L001_R1_001.fastq.gz,1202488F1154046_S57_L001_R2_001.fastq.gz
1154047,AD14,WT_DSS,WT,DSS,1202489F1154047_S58_L001_R1_001.fastq.gz,1202489F1154047_S58_L001_R2_001.fastq.gz
1154048,AD15,WT_DSS,WT,DSS,1202490F1154048_S59_L001_R1_001.fastq.gz,1202490F1154048_S59_L001_R2_001.fastq.gz
1154049,AD16,WT_DSS,WT,DSS,1202491F1154049_S60_L001_R1_001.fastq.gz,1202491F1154049_S60_L001_R2_001.fastq.gz
1154050,AD17,WT_DSS,WT,DSS,1202492F1154050_S61_L001_R1_001.fastq.gz,1202492F1154050_S61_L001_R2_001.fastq.gz
1154051,AD18,WT_DSS,WT,DSS,1202493F1154051_S62_L001_R1_001.fastq.gz,1202493F1154051_S62_L001_R2_001.fastq.gz
1154052,AD19,Tg2576_DSS,Tg2576,DSS,1202494F1154052_S63_L001_R1_001.fastq.gz,1202494F1154052_S63_L001_R2_001.fastq.gz
1154053,AD20,Tg2576_DSS,Tg2576,DSS,1202495F1154053_S64_L001_R1_001.fastq.gz,1202495F1154053_S64_L001_R2_001.fastq.gz
1154054,AD21,Tg2576_DSS,Tg2576,DSS,1202496F1154054_S65_L001_R1_001.fastq.gz,1202496F1154054_S65_L001_R2_001.fastq.gz
1154055,AD22,Tg2576_DSS,Tg2576,DSS,1202497F1154055_S66_L001_R1_001.fastq.gz,1202497F1154055_S66_L001_R2_001.fastq.gz
1154056,AD23,Tg2576_DSS,Tg2576,DSS,1202498F1154056_S67_L001_R1_001.fastq.gz,1202498F1154056_S67_L001_R2_001.fastq.gz
1154057,AD24,Tg2576_DSS,Tg2576,DSS,1202499F1154057_S68_L001_R1_001.fastq.gz,1202499F1154057_S68_L001_R2_001.fastq.gz
1154058,AD25,Tg2576_DSS,Tg2576,DSS,1202500F1154058_S69_L001_R1_001.fastq.gz,1202500F1154058_S69_L001_R2_001.fastq.gz
1154059,AD26,Tg2576_DSS,Tg2576,DSS,1202501F1154059_S70_L001_R1_001.fastq.gz,1202501F1154059_S70_L001_R2_001.fastq.gz
1154060,AD27,Tg2576_DSS,Tg2576,DSS,1202502F1154060_S71_L001_R1_001.fastq.gz,1202502F1154060_S71_L001_R2_001.fastq.gz
1154061,AD28,Tg2576_DSS,Tg2576,DSS,1202503F1154061_S72_L001_R1_001.fastq.gz,1202503F1154061_S72_L001_R2_001.fastq.gz
1154062,AD29,Tg2576_DSS,Tg2576,DSS,1202504F1154062_S73_L001_R1_001.fastq.gz,1202504F1154062_S73_L001_R2_001.fastq.gz
1154063,AD30,WT_Control,WT,Control,1202505F1154063_S74_L001_R1_001.fastq.gz,1202505F1154063_S74_L001_R2_001.fastq.gz
1154064,AD31,WT_Control,WT,Control,1202506F1154064_S75_L001_R1_001.fastq.gz,1202506F1154064_S75_L001_R2_001.fastq.gz
1154065,AD32,WT_Control,WT,Control,1202507F1154065_S76_L001_R1_001.fastq.gz,1202507F1154065_S76_L001_R2_001.fastq.gz
1154066,AD33,WT_Control,WT,Control,1202508F1154066_S77_L001_R1_001.fastq.gz,1202508F1154066_S77_L001_R2_001.fastq.gz
1154067,AD34,WT_Control,WT,Control,1202509F1154067_S78_L001_R1_001.fastq.gz,1202509F1154067_S78_L001_R2_001.fastq.gz
1154068,AD35,WT_Control,WT,Control,1202510F1154068_S79_L001_R1_001.fastq.gz,1202510F1154068_S79_L001_R2_001.fastq.gz
1154069,AD36,WT_Control,WT,Control,1202511F1154069_S80_L001_R1_001.fastq.gz,1202511F1154069_S80_L001_R2_001.fastq.gz
1154070,AD37,WT_Control,WT,Control,1202512F1154070_S81_L001_R1_001.fastq.gz,1202512F1154070_S81_L001_R2_001.fastq.gz
1154071,AD38,Tg2576_Control,Tg2576,Control,1202513F1154071_S82_L001_R1_001.fastq.gz,1202513F1154071_S82_L001_R2_001.fastq.gz
1154072,AD39,Tg2576_Control,Tg2576,Control,1202514F1154072_S83_L001_R1_001.fastq.gz,1202514F1154072_S83_L001_R2_001.fastq.gz
1154073,AD40,Tg2576_Control,Tg2576,Control,1202515F1154073_S84_L001_R1_001.fastq.gz,1202515F1154073_S84_L001_R2_001.fastq.gz
1154074,AD41,Tg2576_Control,Tg2576,Control,1202516F1154074_S85_L001_R1_001.fastq.gz,1202516F1154074_S85_L001_R2_001.fastq.gz
1154075,AD42,Tg2576_Control,Tg2576,Control,1202517F1154075_S86_L001_R1_001.fastq.gz,1202517F1154075_S86_L001_R2_001.fastq.gz
1154076,AD43,Tg2576_Control,Tg2576,Control,1202518F1154076_S87_L001_R1_001.fastq.gz,1202518F1154076_S87_L001_R2_001.fastq.gz
1154077,AD44,Tg2576_Control,Tg2576,Control,1202519F1154077_S88_L001_R1_001.fastq.gz,1202519F1154077_S88_L001_R2_001.fastq.gz
1154078,AD45,Tg2576_Control,Tg2576,Control,1202520F1154078_S89_L001_R1_001.fastq.gz,1202520F1154078_S89_L001_R2_001.fastq.gz
